Site,Vial,Date,Carapace.Width,Carapace.Height,Total.Height,Notes
ANA,1,6/9/2021,2.7,6,7.8,NA
ANA,2,6/9/2021,2.6,5.8,7.1,NA
ANA,3,6/9/2021,2.8,6.2,7.8,NA
ANA,4,6/9/2021,2.7,5.2,6.6,NA
ANA,5,6/9/2021,2.4,5.7,7,NA
ANA,6,6/9/2021,2.6,5.3,6.8,NA
ANA,7,6/9/2021,2.2,5.4,6.9,NA
ANA,8,6/9/2021,2.5,5.3,6.6,NA
ANA,9,6/9/2021,2.6,6.1,7.6,NA
ANA,10,6/9/2021,2.3,5.5,6.8,NA
ANA,11,6/14/2021,2.6,6.2,7,NA
ANA,12,6/14/2021,2.7,6.5,7.5,NA
ANA,13,6/14/2021,2.3,5.5,6.6,NA
ANA,14,6/14/2021,2.5,5.7,7.1,NA
ANA,15,6/14/2021,2.5,5.7,7.3,NA
ANA,16,6/14/2021,2.4,6.1,7,NA
ANA,17,6/14/2021,2.5,6.3,7.2,NA
ANA,18,6/14/2021,2.5,5.8,6.7,NA
ANA,19,6/14/2021,2.7,6.8,7.8,NA
ANA,20,6/14/2021,2.5,6.1,6.9,NA
ANA,21,6/23/2021,2.4,5.2,6.8,NA
ANA,22,6/23/2021,2.6,6,7.3,NA
ANA,23,6/23/2021,2.6,6,7.1,NA
ANA,24,6/23/2021,2.4,6,6.7,NA
ANA,25,6/23/2021,2.4,5.7,7.2,NA
ANA,26,6/23/2021,2.4,6,6.7,NA
ANA,27,6/23/2021,2.6,6,7,NA
ANA,28,6/23/2021,2.4,5.8,6.8,NA
ANA,29,6/23/2021,2.5,5.7,6.8,NA
ANA,30,6/23/2021,2.9,6.5,7.9,NA
ANA,31,6/28/2021,3.1,7.1,8.3,NA
ANA,32,6/28/2021,2.3,5.7,6.8,NA
ANA,33,6/28/2021,2.3,6.2,6.8,NA
ANA,34,6/28/2021,2.4,5.8,6.8,NA
ANA,35,6/28/2021,2.2,5.5,6.3,NA
ANA,36,6/28/2021,2.5,6.4,7.4,NA
ANA,37,6/28/2021,2.3,5.9,6.8,NA
ANA,38,6/28/2021,2.3,5.8,7.2,NA
ANA,39,6/28/2021,2.5,5.7,6.9,NA
ANA,40,6/28/2021,2.3,5.8,6.7,NA
ANA,41,7/7/2021,2.3,5.7,6.6,NA
ANA,42,7/7/2021,2.2,5.2,6.7,NA
ANA,43,7/7/2021,2.4,5.9,6.9,NA
ANA,44,7/7/2021,2.5,5.7,6.9,NA
ANA,45,7/7/2021,2.3,5.6,6.8,NA
ANA,46,7/7/2021,2.3,5.3,6.3,NA
ANA,47,7/7/2021,2.5,6,7,NA
ANA,48,7/7/2021,2.6,5.6,6.7,NA
ANA,49,7/7/2021,2.2,5.4,6.4,NA
ANA,50,7/7/2021,2.3,5.6,6.4,NA
ANA,51,7/12/2021,2.6,5.5,6.4,NA
ANA,52,7/12/2021,2.5,5.5,6.5,NA
ANA,53,7/12/2021,2.5,5.5,6.5,NA
ANA,54,7/12/2021,2.4,5.7,7,NA
ANA,55,7/12/2021,2.5,5.5,6.5,NA
ANA,56,7/12/2021,2.4,5.5,6.2,NA
ANA,57,7/12/2021,2.7,6.3,7.7,NA
ANA,58,7/12/2021,2.1,5.3,6.3,NA
ANA,59,7/12/2021,2.4,5.5,6.7,NA
ANA,60,7/12/2021,2.5,5.7,6.7,NA
ANA,61,7/21/2021,2.7,6.8,8,NA
ANA,62,7/21/2021,2.2,5.5,6.2,NA
ANA,63,7/21/2021,2.4,5.5,6.4,NA
ANA,64,7/21/2021,2.3,5.5,6.3,NA
ANA,65,7/21/2021,2.3,5.5,6.7,NA
ANA,66,7/21/2021,2.4,5.3,6.7,NA
ANA,67,7/21/2021,2.4,5.6,6.6,NA
ANA,68,7/21/2021,2.3,5.5,6.6,NA
ANA,69,7/21/2021,2.5,5.7,7.2,NA
ANA,70,7/21/2021,2.5,5.5,6.9,NA
ANA,71,7/26/2021,2.4,5.4,6.8,NA
ANA,72,7/26/2021,2.5,5.5,6.9,NA
ANA,73,7/26/2021,2.1,4.7,6,NA
ANA,74,7/26/2021,2.5,5.6,6.8,NA
ANA,75,7/26/2021,2.5,5.7,6.9,NA
ANA,76,7/26/2021,2.4,5.3,6.6,NA
ANA,77,7/26/2021,2.3,5.2,6.7,NA
ANA,78,7/26/2021,2.3,4.9,6,NA
ANA,79,7/26/2021,2.3,5.1,6.7,NA
ANA,80,7/26/2021,2.4,5.7,7,NA
ANA,81,8/2/2021,2.4,5.4,6.9,NA
ANA,82,8/5/2021,2.1,5,6.2,NA
ANA,83,8/5/2021,2.2,5,6.5,NA
ANA,84,8/5/2021,2.3,4.9,6.6,NA
ANA,85,8/5/2021,2.1,4.9,6.2,NA
ANA,86,8/5/2021,2.3,4.7,6.2,NA
ANA,87,8/5/2021,2.2,5,6.3,NA
ANA,88,8/5/2021,2.2,4.8,6.1,NA
ANA,89,8/5/2021,2.3,4.7,6.2,NA
ANA,90,8/5/2021,2.2,5.1,6.6,NA
ANA,91,8/9/2021,2.2,5.2,6.7,NA
ANA,92,8/9/2021,2.1,4.9,6.6,NA
ANA,93,8/9/2021,2.2,4.8,6.4,NA
ANA,94,8/9/2021,2.2,4.9,6.4,NA
ANA,95,8/9/2021,2.2,5.1,6.5,NA
ANA,96,8/9/2021,2.3,5.3,6.6,NA
ANA,97,8/9/2021,2.3,5.1,6.9,NA
ANA,98,8/9/2021,2.2,4.8,5.8,NA
ANA,99,8/9/2021,2.3,5.3,6.6,NA
ANA,100,8/9/2021,2.1,4.9,6,NA
ANA,101,8/16/2021,2.1,4.8,6.2,NA
COR,1,5/24/2021,3.1,6.7,8.4,NA
COR,2,5/24/2021,3.3,7.1,8.7,NA
COR,3,5/24/2021,3.3,7.4,8.8,NA
COR,4,5/24/2021,3.3,7.3,8.7,NA
COR,5,5/24/2021,3.3,7.4,8.3,NA
COR,6,5/24/2021,2.4,5.8,7,NA
COR,7,5/24/2021,2.4,5.4,7,NA
COR,8,5/24/2021,2.6,5.7,7.4,NA
COR,9,5/24/2021,2.5,5.5,7.2,NA
COR,10,5/24/2021,2.4,5.2,6.7,NA
COR,11,6/9/2021,2.3,5.8,6.6,NA
COR,12,6/9/2021,3.1,7.3,8.7,NA
COR,13,6/9/2021,3.3,7.3,8.3,NA
COR,14,6/9/2021,3.3,7.5,8.8,NA
COR,15,6/9/2021,3.6,7.8,8.8,NA
COR,16,6/9/2021,2.3,5.8,6.8,NA
COR,17,6/9/2021,2.6,5.9,7.1,NA
COR,18,6/9/2021,2.3,5.7,6.7,NA
COR,19,6/9/2021,2.4,5.7,6.9,NA
COR,20,6/9/2021,3.3,7.2,8.6,NA
COR,21,6/14/2021,2.6,6.2,7.2,NA
COR,22,6/14/2021,2.5,6.2,7.4,NA
COR,23,6/14/2021,2.5,6.3,7.5,NA
COR,24,6/14/2021,2.2,5.9,6.7,NA
COR,25,6/14/2021,2.4,5.7,6.8,NA
COR,26,6/14/2021,2.5,5.7,6.6,NA
COR,27,6/14/2021,2.4,6.1,7.1,NA
COR,28,6/14/2021,2.8,6.7,8.1,NA
COR,29,6/14/2021,2.6,5.5,6.6,NA
COR,30,6/14/2021,2.3,5.8,6.7,NA
COR,31,6/23/2021,3.2,7.1,8.4,NA
COR,32,6/23/2021,2.2,5.4,6.7,NA
COR,33,6/23/2021,2.6,5.8,7.1,NA
COR,34,6/23/2021,3.2,7,8.4,NA
COR,35,6/23/2021,3.1,7.1,8.4,NA
COR,36,6/23/2021,2.3,5.4,6.6,NA
COR,37,6/23/2021,2.3,5.3,6.6,NA
COR,38,6/23/2021,2.5,5.6,6.7,NA
COR,39,6/23/2021,3.3,7.3,8.7,NA
COR,40,6/23/2021,2.5,5.5,6.5,NA
COR,41,6/28/2021,3,7.5,8.3,NA
COR,42,6/28/2021,3,6.8,8.2,NA
COR,43,6/28/2021,2.5,6.1,7.3,NA
COR,44,6/28/2021,2.8,7,8.3,NA
COR,45,6/28/2021,3.1,6.8,8.3,NA
COR,46,6/28/2021,2.4,5.8,6.5,NA
COR,47,6/28/2021,3.2,6.8,8.3,NA
COR,48,6/28/2021,2.4,6,7.1,NA
COR,49,6/28/2021,2.4,6.1,7.1,NA
COR,50,6/28/2021,2.4,5.4,6.6,NA
COR,51,7/7/2021,3.2,7.1,8.4,NA
COR,52,7/7/2021,2.3,5.2,6.5,NA
COR,53,7/7/2021,2.3,5.2,6.2,NA
COR,54,7/7/2021,2.5,5.5,6.4,NA
COR,55,7/7/2021,2.4,5.2,6.5,NA
COR,56,7/7/2021,2.7,5.7,7.3,NA
COR,57,7/7/2021,2.5,5.7,6.7,NA
COR,58,7/7/2021,2.4,5.7,6.7,NA
COR,59,7/7/2021,2.4,5.8,7.1,NA
COR,60,7/7/2021,2.4,5.4,6.9,NA
COR,61,7/12/2021,2.5,5.6,6.4,NA
COR,62,7/12/2021,2.5,5.1,6.4,NA
COR,63,7/12/2021,2.7,5.8,6.8,NA
COR,64,7/12/2021,2.5,5.9,7.1,NA
COR,65,7/12/2021,2.5,5.2,6.4,NA
COR,66,7/12/2021,2.5,6.2,7.2,NA
COR,67,7/12/2021,2.4,5.5,6.7,NA
COR,68,7/12/2021,2.4,5.5,6.5,NA
COR,69,7/12/2021,2.2,5.3,6.7,NA
COR,70,7/12/2021,2.3,5.2,7.1,NA
COR,71,7/21/2021,3,7.7,8.8,NA
COR,72,7/21/2021,2.8,6.8,8,NA
COR,73,7/21/2021,2.4,5.2,6.5,NA
COR,74,7/21/2021,2.4,5.2,6.3,NA
COR,75,7/21/2021,2.4,5.5,6.8,NA
COR,76,7/21/2021,2.5,5.5,6.5,NA
COR,77,7/21/2021,2.2,5.4,6.1,NA
COR,78,7/21/2021,2.4,5.6,6.4,NA
COR,79,7/21/2021,2.3,5.6,6.4,NA
COR,80,7/21/2021,2.3,5.4,6.7,NA
COR,81,7/26/2021,2.3,5.6,6.8,NA
COR,82,7/26/2021,2.6,6,7.4,NA
COR,83,7/26/2021,2.3,5,6.4,NA
COR,84,7/26/2021,2.3,5.1,6.4,NA
COR,85,7/26/2021,2.3,5.1,6.4,NA
COR,86,7/26/2021,2.4,5.2,6.7,NA
COR,87,7/26/2021,2.5,5.1,6.7,NA
COR,88,7/26/2021,2.3,5,6.5,NA
COR,89,7/26/2021,2.4,5.1,6.4,NA
COR,90,7/26/2021,2.3,5.1,6.4,NA
COR,91,8/2/2021,2.1,5.2,6.3,NA
COR,92,8/2/2021,2.2,5.2,6.2,NA
COR,93,8/2/2021,2.3,5.2,6.2,NA
COR,94,8/2/2021,2.2,5.2,6.4,NA
COR,95,8/2/2021,2.4,5.3,6.6,NA
COR,96,8/2/2021,2.2,5.1,6.2,NA
COR,97,8/2/2021,2.2,5.2,6.2,NA
COR,98,8/2/2021,2.3,5.5,6.6,NA
COR,99,8/2/2021,2.1,4.6,5.9,NA
COR,100,8/2/2021,2.4,5.4,6.4,NA
COR,101,8/9/2021,2.5,5.4,6.9,NA
COR,102,8/9/2021,2.3,4.9,6.5,NA
COR,103,8/9/2021,2.3,5.2,6.4,NA
COR,104,8/9/2021,2.4,4.9,6.2,NA
COR,105,8/9/2021,2.4,5.3,7,NA
COR,106,8/9/2021,2.2,4.8,6.2,NA
COR,107,8/9/2021,2.2,4.8,6.4,NA
COR,108,8/9/2021,2.3,5.4,7.1,NA
COR,109,8/9/2021,2.5,5.6,7,NA
COR,110,8/9/2021,2.1,4.9,6,NA
COR,111,8/16/2021,2.2,4.9,6.3,NA
COR,112,8/16/2021,2,4.7,6,NA
COR,113,8/16/2021,2.3,5.1,6.7,NA
COR,114,8/16/2021,2.1,5.2,6.8,NA
COR,115,8/16/2021,2.1,5,6.1,NA
COR,116,8/16/2021,2.1,5,6.2,NA
COR,117,8/16/2021,2.1,4.9,6.5,NA
COR,118,8/16/2021,2,4.7,6.2,NA
COR,119,8/16/2021,2,4.8,6,NA
COR,120,8/16/2021,2.1,4.9,6.4,NA
COR,121,8/23/2021,2.2,5.3,6.6,NA
COR,122,8/23/2021,2.2,5.2,6.2,NA
COR,123,8/23/2021,2.3,5.2,6.2,NA
COR,124,8/23/2021,2.4,5.6,6.5,NA
COR,125,8/23/2021,2.6,5.8,7.3,NA
COR,126,8/23/2021,2.1,5.4,6.4,NA
COR,127,8/23/2021,2.4,5.6,6.5,NA
COR,128,8/23/2021,2.3,5.3,6.2,NA
COR,129,8/23/2021,2.1,5.4,6.3,NA
COR,130,8/23/2021,2.2,5.2,6.4,NA
ROS,1,5/19/2021,3.1,6.6,8.5,NA
ROS,2,5/19/2021,3.3,6.6,8.6,NA
ROS,3,5/19/2021,3.4,6.9,8.9,NA
ROS,4,5/19/2021,3.2,6.7,8.7,NA
ROS,5,5/19/2021,3.1,6.3,8.3,NA
ROS,6,5/24/2021,3.2,6.8,8.8,NA
ROS,7,5/24/2021,3.4,7.7,9.3,NA
ROS,8,5/26/2021,3.2,7.2,8.6,NA
ROS,9,5/26/2021,2.2,5.3,6.8,NA
ROS,110,5/26/2021,2.3,5.4,6.6,NA
ROS,11,6/9/2021,2.6,6.4,7.6,NA
ROS,12,6/9/2021,3,7.7,8.4,NA
ROS,13,6/9/2021,2.5,6.9,7.6,NA
ROS,14,6/9/2021,3.3,7.1,8.4,NA
ROS,15,6/9/2021,3.2,7.2,8.4,NA
ROS,16,6/9/2021,2.6,6.2,7.4,NA
ROS,17,6/9/2021,2.5,6.4,7.2,NA
ROS,18,6/9/2021,2.5,5.7,6.9,NA
ROS,19,6/9/2021,2.4,6.2,6.9,NA
ROS,20,6/9/2021,2.5,5.8,7,NA
ROS,21,6/14/2021,2.9,6.3,7.6,NA
ROS,22,6/14/2021,2.4,6.3,7.1,NA
ROS,23,6/14/2021,2.5,6.1,6.9,NA
ROS,24,6/14/2021,2.6,6.1,7.2,NA
ROS,25,6/14/2021,2.6,6.1,6.9,NA
ROS,26,6/14/2021,2.5,6,7.1,NA
ROS,27,6/14/2021,2.6,6.4,7.4,NA
ROS,28,6/14/2021,2.4,5.9,6.6,NA
ROS,29,6/14/2021,2.6,6,6.7,NA
ROS,30,6/14/2021,2.4,5.7,6.7,NA
ROS,31,6/28/2021,3.1,6.8,8.3,NA
ROS,32,6/28/2021,2.9,6.4,7.6,NA
ROS,33,6/28/2021,2.8,6.3,7.6,NA
ROS,34,6/28/2021,2.7,6.7,7.4,NA
ROS,35,6/28/2021,2,5.2,6.1,NA
ROS,36,6/28/2021,2.2,5.4,6.4,NA
ROS,37,6/28/2021,2.1,5.2,6.1,NA
ROS,38,6/28/2021,2.3,5.2,6.5,NA
ROS,39,6/28/2021,2.4,5.8,6.7,NA
ROS,40,NA,NA,NA,NA,n
ROS,41,7/7/2021,2.4,5.7,6.6,NA
ROS,42,7/7/2021,3.3,7.2,8.3,NA
ROS,43,7/7/2021,2.2,5.6,6.2,NA
ROS,44,7/7/2021,2.3,5.5,6.7,NA
ROS,45,7/7/2021,2.3,5.4,6.2,NA
ROS,46,7/7/2021,2.9,6.5,7.7,NA
ROS,47,7/7/2021,2.3,5.7,6.6,NA
ROS,48,7/7/2021,2.5,5.6,6.5,NA
ROS,49,7/7/2021,2.5,5.5,7,NA
ROS,50,7/7/2021,2.3,5.5,6.7,NA
ROS,51,7/12/2021,3,7.1,8.3,NA
ROS,52,7/12/2021,3.3,7.3,8.8,NA
ROS,53,7/12/2021,2.5,5.5,6.8,NA
ROS,54,7/12/2021,2.7,5.5,6.8,NA
ROS,55,7/12/2021,2.5,5.5,7.2,NA
ROS,56,7/12/2021,2.3,5.2,6.5,NA
ROS,57,7/12/2021,2.3,5.1,6.3,NA
ROS,58,7/12/2021,2.5,6.2,7.1,NA
ROS,59,7/12/2021,2.6,5.6,6.3,NA
ROS,60,7/12/2021,2.3,6.3,7.2,NA
ROS,61,7/21/2021,3.4,7.2,8.5,NA
ROS,62,7/21/2021,2.4,5.5,6.6,NA
ROS,63,7/21/2021,2.1,5.4,6.4,NA
ROS,64,7/21/2021,2.4,5.8,6.9,NA
ROS,65,7/21/2021,2.5,5.6,6.4,NA
ROS,66,7/21/2021,2.5,5.7,6.8,NA
ROS,67,7/21/2021,2.4,5.5,6.5,NA
ROS,68,7/21/2021,2.5,5.9,7,NA
ROS,69,NA,NA,NA,NA,NA
ROS,70,NA,NA,NA,NA,NA
ROS,71,7/26/2021,2.5,5.6,6.9,NA
ROS,72,7/26/2021,2.3,5.4,6.8,NA
ROS,73,7/26/2021,2.3,5.2,6.2,NA
ROS,74,7/26/2021,2.6,5.7,7.2,NA
ROS,75,7/26/2021,2.6,5.6,7.2,NA
ROS,76,7/26/2021,2.4,5.3,6.5,NA
ROS,77,7/26/2021,2.3,5.2,6.5,NA
ROS,78,7/26/2021,2.8,6.2,7.9,NA
ROS,79,7/26/2021,2.6,5.2,6.8,NA
ROS,80,7/26/2021,2.5,5.1,6.3,NA
ROS,81,8/2/2021,2.2,5.2,6.7,NA
ROS,82,8/2/2021,2.3,5.6,6.6,NA
ROS,83,8/2/2021,2.1,5.3,6.3,NA
ROS,84,8/5/2021,2.7,5.7,7.5,NA
ROS,85,8/5/2021,2.6,5.4,6.7,NA
ROS,86,8/5/2021,2.5,5.1,6.5,NA
ROS,87,8/5/2021,2.5,5.4,6.5,NA
ROS,88,8/5/2021,2.3,5,6.3,NA
ROS,89,8/5/2021,2.3,5.1,6.6,NA
ROS,90,8/5/2021,2.3,5.1,6.4,NA
ROS,91,8/9/2021,2.2,4.9,6.2,NA
ROS,92,8/9/2021,2,4.8,6.2,NA
ROS,93,8/9/2021,2.3,5,6.8,NA
ROS,94,8/9/2021,2.5,5.3,6.6,NA
ROS,95,8/9/2021,2.4,5,6.5,NA
ROS,96,8/9/2021,2.3,5,6.5,NA
ROS,97,8/9/2021,2.2,4.8,6.3,NA
ROS,98,8/9/2021,2.2,5.1,6.3,NA
ROS,99,8/9/2021,2.5,4.9,6.2,NA
ROS,100,8/9/2021,2,4.5,5.9,NA
ROS,101,8/16/2021,2.3,5.3,6.3,NA
ROS,102,8/16/2021,2.2,4.8,6.3,NA
ROS,103,8/23/2021,2.5,6,7.3,NA
ROS,104,8/23/2021,2.6,5.7,7.3,NA
ROS,105,8/23/2021,2.2,4.8,6.7,NA
ROS,106,8/23/2021,2.3,5,6.4,NA
ROS,107,8/23/2021,2.2,5.2,6.5,NA
ROS,108,8/23/2021,2.3,5.5,6.9,NA
ROS,109,8/23/2021,2.2,4.9,6.2,NA
ROS,110,8/23/2021,2.3,5,6.5,NA
ROS,111,8/23/2021,2.6,5.9,7.2,NA
ROS,112,8/23/2021,2.1,5.1,6.5,NA
GAD,1,4/25/2022,4,5,8,Megalope
GAD,2,4/25/2022,3.5,4.5,7,Megalope
GAD,3,5/1/2022,3.5,4,NA,Megalope
GAD,4,5/1/2022,4,4.5,6.5,Megalope
GAD,5,5/2/2022,5,3.5,NA,Megalope
GAD,6,5/2/2022,5.5,3.5,7.5,Megalope
GAD,7,5/2/2022,4.5,3,6,Megalope
GAD,8,5/4/2022,5.5,6,7.5,Megalope
GAD,9,5/4/2022,5,5,6,Megalope
GAD,10,5/12/2022,4,5,7,Megalope
GAD,11,6/6/2022,4.5,3.5,8,Megalope
GAD,12,6/23/2022,4,5.5,7,Megalope
GAD,13,7/18/2022,6.5,8,NA,Instar
COR,1,4/18/2022,3.1,7.1,9.2,NA
COR,2,4/25/2022,3.2,7.6,9.2,NA
COR,3,5/9/2022,3.2,6.8,8.4,NA
COR,4,5/9/2022,3.3,6.7,8,NA
COR,5,5/9/2022,3.1,7.5,9,NA
COR,6,5/9/2022,3.5,7.3,8.9,NA
COR,7,5/9/2022,3.2,7,8.9,NA
COR,8,5/9/2022,3.1,6.7,8.2,NA
COR,9,5/9/2022,3.2,6.8,8.9,NA
COR,10,5/9/2022,3,6.8,8.2,NA
COR,11,5/9/2022,3.2,6.8,8.9,NA
COR,12,5/9/2022,3.5,7.5,9.2,NA
COR,13,5/16/2022,3.2,7.7,8.9,NA
COR,14,5/16/2022,2.9,6.9,7.9,NA
COR,15,5/16/2022,3.3,7.2,8.5,NA
COR,16,5/16/2022,3.1,7.4,8.5,NA
COR,17,5/16/2022,3.4,7.2,8.7,NA
COR,18,5/16/2022,3.4,7.3,9,NA
COR,19,5/16/2022,3,6.6,7.6,NA
COR,20,5/16/2022,3.4,7.9,9.2,NA
COR,21,5/16/2022,3.1,7.3,8.6,NA
COR,22,5/16/2022,3.4,7.2,8.8,NA
COR,23,5/23/2022,3.3,6.7,8.5,NA
COR,24,5/23/2022,3.1,6.9,8.8,NA
COR,25,5/23/2022,3.2,7.1,9,NA
COR,26,5/23/2022,3.2,7.2,8.9,NA
COR,27,5/23/2022,3.2,6.8,8.8,NA
COR,28,5/23/2022,3.3,6.8,8.6,NA
COR,29,5/23/2022,3.3,7,8.9,NA
COR,30,5/23/2022,3.3,7,8.9,NA
COR,31,5/23/2022,3.5,7.2,9.2,NA
COR,32,5/23/2022,3.5,7.1,9,NA
COR,33,6/1/2022,3.1,6.3,7.9,NA
COR,34,6/1/2022,3.1,6.8,8.6,NA
COR,35,6/1/2022,3.1,6.7,8.6,NA
COR,36,6/2/2022,2.9,6.4,8.2,NA
COR,37,6/2/2022,3.1,6.2,8.3,NA
COR,38,6/2/2022,3.1,6.4,8.4,NA
COR,39,6/2/2022,3,6.7,8.3,NA
COR,40,6/2/2022,3.1,6.6,8.6,NA
COR,41,6/2/2022,3,6.5,8.4,NA
COR,42,6/2/2022,3.2,6.7,8.3,NA
COR,43,6/8/2022,3,6.9,7.7,NA
COR,44,6/8/2022,2.7,6.3,7.6,NA
COR,45,6/8/2022,2.4,5.6,7.3,NA
COR,46,6/8/2022,3.1,6.6,8.3,NA
COR,47,NA,NA,NA,NA,Skipped vial
COR,48,NA,NA,NA,NA,Skipped vial
COR,49,NA,NA,NA,NA,Skipped vial
COR,50,NA,NA,NA,NA,Skipped vial
COR,51,NA,NA,NA,NA,Skipped vial
COR,52,6/13/2022,3.2,7.2,8.3,NA
COR,53,6/13/2022,2.5,5.8,6.7,NA
COR,54,6/13/2022,2.8,6.4,8.1,NA
COR,55,6/13/2022,2.6,6.2,7.4,NA
COR,56,6/13/2022,3.2,7.7,8.7,NA
COR,57,6/13/2022,2.6,6,7,NA
COR,58,6/13/2022,3.5,6.9,8.7,NA
COR,59,6/13/2022,2.6,5.9,7,NA
COR,60,6/13/2022,2.7,5.7,7.2,NA
COR,61,6/13/2022,3.2,6.8,8.3,NA
COR,62,6/20/2022,3.1,7.2,8.2,NA
COR,63,6/20/2022,2.6,5.7,6.7,NA
COR,64,6/20/2022,2.5,5.3,6.9,NA
COR,65,6/20/2022,2.5,5.9,6.6,NA
COR,66,6/20/2022,2.4,5.4,7.1,NA
COR,67,6/20/2022,2.3,5.8,6.8,NA
COR,68,6/20/2022,2.3,5.2,6.7,NA
COR,69,6/20/2022,3.1,6.5,8,NA
COR,70,6/20/2022,2.6,5.8,7.7,NA
COR,71,6/20/2022,2.7,5.7,6.9,NA
COR,72,6/27/2022,2.6,5.5,7.2,NA
COR,73,6/27/2022,2.3,5.3,6.9,NA
COR,74,6/27/2022,2.4,5.7,6.9,NA
COR,75,6/27/2022,2.3,4.9,6.2,NA
COR,76,6/27/2022,2.4,5.3,6.5,NA
COR,77,6/27/2022,2.3,5.4,7.1,NA
COR,78,6/27/2022,2.3,5.9,6.8,NA
COR,79,6/27/2022,2.4,5.8,6.7,NA
COR,80,6/27/2022,2.4,5.8,7.3,NA
COR,81,6/27/2022,2.3,5.5,6.6,NA
COR,82,7/4/2022,2.1,5.1,6.5,NA
COR,83,7/4/2022,2.3,5.5,7.2,NA
COR,84,7/4/2022,2.4,5.3,6.8,NA
COR,85,7/4/2022,2.5,5.9,7.4,NA
COR,86,7/4/2022,2.2,5.2,6.9,NA
COR,87,7/4/2022,2.2,5.1,6.1,NA
COR,88,7/4/2022,2.3,5.3,6.8,NA
COR,89,7/4/2022,2.4,5.6,7.1,NA
COR,90,7/4/2022,2.3,5,6.5,NA
COR,91,7/4/2022,2.3,5,6.9,NA
COR,92,7/11/2022,2.5,5.7,6.7,NA
COR,93,7/11/2022,2.4,5.9,7,NA
COR,94,7/11/2022,2.6,6.1,7.1,NA
COR,95,7/11/2022,2.5,6,7.2,NA
COR,96,7/11/2022,2.6,5.6,7.3,NA
COR,97,7/11/2022,2.6,6,7.2,NA
COR,98,7/11/2022,2.5,5.4,6.7,NA
COR,99,7/11/2022,2.4,5.7,6.7,NA
COR,100,7/11/2022,2.7,5.8,6.9,NA
COR,101,7/11/2022,2.7,6.8,7.6,NA
COR,102,7/18/2022,2.2,5.3,6.7,NA
COR,103,7/18/2022,2.7,5.7,7.5,NA
COR,104,7/18/2022,2.6,5.6,7.2,NA
COR,105,7/18/2022,2.4,6,7.2,NA
COR,106,7/18/2022,2.4,5.2,6.8,NA
COR,107,7/18/2022,2.9,6.7,8.1,NA
COR,108,7/18/2022,2.2,4.7,6,NA
COR,109,7/18/2022,2.6,5.8,7.2,NA
COR,110,7/18/2022,2.8,6.1,7.8,NA
COR,111,7/18/2022,2.1,5.7,6.7,NA
COR,112,7/25/2022,2.2,5.5,7,NA
COR,113,7/25/2022,2.1,5.5,6.5,NA
COR,114,7/25/2022,2.2,4.9,6.5,NA
COR,115,7/25/2022,2.2,5.2,6.6,NA
COR,116,7/25/2022,2.2,5.5,6.8,NA
COR,117,7/25/2022,2.3,5.5,6.7,NA
COR,118,7/25/2022,2.4,5.4,7,NA
COR,119,7/25/2022,2.2,5.1,6.4,NA
COR,120,7/25/2022,2.2,5.2,6.4,NA
COR,121,7/25/2022,2.4,5.5,6.8,NA
COR,122,8/1/2022,2.2,5,6.7,NA
COR,123,8/1/2022,2.3,5.3,6.8,NA
COR,124,8/1/2022,1.9,4.5,5.9,NA
COR,125,8/1/2022,2.2,4.7,6.1,NA
COR,126,8/1/2022,2.2,4.9,6.5,NA
COR,127,8/1/2022,2.2,5.1,6.3,NA
COR,128,8/1/2022,2.2,4.8,6.5,NA
COR,129,8/1/2022,2.3,4.9,6.3,NA
COR,130,8/1/2022,2.4,5.3,7,NA
COR,131,8/1/2022,2.3,4.8,6.2,NA
COR,132,8/8/2022,2.2,5.2,6.3,NA
COR,133,8/8/2022,2.2,5.6,6.7,NA
COR,134,8/8/2022,2.3,5.2,6.2,NA
COR,135,8/8/2022,2.5,5.6,6.7,NA
COR,136,8/8/2022,2.5,5.7,6.8,NA
COR,137,8/8/2022,2.4,5.3,6.7,NA
COR,138,8/8/2022,2.2,5.3,6.8,NA
COR,139,8/8/2022,2.2,5.4,6.7,NA
COR,140,8/8/2022,2.2,5.6,6.7,NA
COR,141,8/8/2022,2.4,5.3,6.4,NA
COR,142,8/15/2022,2.3,5.5,7.1,NA
COR,143,8/15/2022,2.2,5.2,6.7,NA
COR,144,8/15/2022,2.2,5,6.5,NA
COR,145,8/15/2022,2.2,5.1,6.4,NA
COR,146,8/15/2022,2.3,5.4,6.7,NA
COR,147,8/15/2022,2.4,5.1,6.3,NA
COR,148,8/15/2022,2.2,4.7,6.1,NA
COR,149,8/15/2022,2.2,5.4,6.9,NA
COR,150,8/15/2022,2.3,5,6.4,NA
COR,151,8/15/2022,2.4,5.4,6.8,NA
COR,152,8/22/2022,2.3,5.1,6.5,NA
COR,153,8/22/2022,2.2,4.7,5.8,NA
COR,154,8/22/2022,2.3,5.5,6.7,NA
COR,155,8/22/2022,2.2,5.2,6,NA
COR,156,8/22/2022,2.3,5.7,7,NA
COR,157,8/22/2022,2.3,5.4,7,NA
COR,158,8/22/2022,2,4.7,6.1,NA
COR,159,8/22/2022,2.3,5.8,6.8,NA
COR,160,8/22/2022,2.2,5.1,6.9,NA
COR,161,8/22/2022,2.1,4.6,6.1,NA
COR,162,8/29/2022,4.7,4.7,NA,NA
COR,163,8/29/2022,4.6,4.6,NA,NA
COR,164,8/29/2022,4.8,4.9,NA,NA
COR,165,8/29/2022,2.2,4.8,6.4,NA
COR,166,9/1/2022,2.1,5.1,6.7,NA
COR,167,9/7/2022,2.2,5.2,6,NA
COR,168,9/19/2022,2,4.8,6.3,NA
ROS,1,5/9/2022,3.2,6.8,8.5,NA
ROS,2,5/9/2022,3.5,7.4,9,NA
ROS,3,5/9/2022,3.3,7.4,9.1,NA
ROS,4,5/9/2022,3.5,7.3,8.8,NA
ROS,5,5/9/2022,3.5,7.6,9.1,NA
ROS,6,5/9/2022,3.1,7.1,8.3,NA
ROS,7,5/9/2022,3.3,7.6,8.9,NA
ROS,8,5/9/2022,3.1,6.7,7.8,NA
ROS,9,5/9/2022,3.1,7.4,8.9,NA
ROS,10,5/9/2022,3,7,8.7,NA
ROS,11,5/17/2022,3,7.5,8.3,NA
ROS,12,5/17/2022,3.4,8.3,9.5,NA
ROS,13,5/17/2022,3.3,7.5,8.7,NA
ROS,14,5/17/2022,3.4,7.4,9.1,NA
ROS,15,5/17/2022,3.3,7.7,9.1,NA
ROS,16,5/17/2022,3.4,7.9,8.9,NA
ROS,17,5/17/2022,3,7.1,8.7,NA
ROS,18,5/17/2022,3.3,8,9,NA
ROS,19,5/17/2022,3.3,7.2,8.5,NA
ROS,20,5/17/2022,3.3,7.7,8.9,NA
ROS,21,5/23/2022,3.2,7.7,8.9,NA
ROS,22,5/23/2022,2.8,7,8.3,NA
ROS,23,5/23/2022,2.8,6.7,7.7,NA
ROS,24,5/23/2022,3.3,7.3,8.8,NA
ROS,25,5/23/2022,3.2,7.3,8.5,NA
ROS,26,5/23/2022,3.3,7.2,8.7,NA
ROS,27,5/23/2022,3.4,7.2,8.7,NA
ROS,28,5/23/2022,2.9,6.5,8,NA
ROS,29,5/23/2022,3.4,8,9.2,NA
ROS,30,5/23/2022,3.6,7.8,9.3,NA
ROS,31,6/1/2022,3,6.4,8.3,NA
ROS,32,6/1/2022,3.2,6.8,8.7,NA
ROS,33,6/1/2022,3.1,6.6,8.1,NA
ROS,34,6/1/2022,3.2,6.9,9,NA
ROS,35,6/1/2022,3.2,6.5,8.7,NA
ROS,36,6/1/2022,2.9,6.5,8.3,NA
ROS,37,6/1/2022,2.8,6.5,7.7,NA
ROS,38,6/1/2022,3.1,7,9,NA
ROS,39,6/1/2022,3.1,6.9,8.9,NA
ROS,40,6/1/2022,3.2,6.6,8.4,NA
ROS,41,6/6/2022,3,6.6,8.1,NA
ROS,42,6/6/2022,3,7,8.7,NA
ROS,43,6/6/2022,3,6.6,8.2,NA
ROS,44,6/6/2022,2.9,7.3,8.4,NA
ROS,45,6/6/2022,3.2,6.6,8.3,NA
ROS,46,6/6/2022,3.3,6.7,8.4,NA
ROS,47,6/6/2022,2.4,5.3,6.7,NA
ROS,48,6/6/2022,3.1,7,8.2,NA
ROS,49,6/6/2022,2.7,5.9,6.9,NA
ROS,50,6/6/2022,3.2,6.9,8.5,NA
ROS,51,6/13/2022,3.2,6.7,8.5,NA
ROS,52,6/13/2022,3,6.3,8,NA
ROS,53,6/13/2022,2.9,6.8,8.7,NA
ROS,54,6/13/2022,2.5,5.7,7.4,NA
ROS,55,6/13/2022,3.1,6.9,8.6,NA
ROS,56,6/13/2022,2.5,5.7,7.4,NA
ROS,57,6/13/2022,3.1,6.7,8.5,NA
ROS,58,6/13/2022,2.8,6.2,7.8,NA
ROS,59,6/13/2022,2.4,5.5,7.2,NA
ROS,60,6/13/2022,3,6.6,8.3,NA
ROS,61,6/20/2022,2.4,5.9,7.1,NA
ROS,62,6/20/2022,2.6,6.1,7.5,NA
ROS,63,6/20/2022,2.5,5.2,7.2,NA
ROS,64,6/20/2022,2.5,6,7,NA
ROS,65,6/20/2022,2.2,5.1,6.6,NA
ROS,66,6/22/2022,3.1,6.6,8.1,NA
ROS,67,6/22/2022,2.8,6.6,8.3,NA
ROS,68,6/22/2022,2.8,6.1,7.5,NA
ROS,69,6/22/2022,2.5,5.6,7.2,NA
ROS,70,6/22/2022,2.7,6,7.4,NA
ROS,71,6/27/2022,2.3,5.4,6.5,NA
ROS,72,6/27/2022,2.6,6,7.5,NA
ROS,73,6/27/2022,2.2,5.4,6.8,NA
ROS,74,6/27/2022,2.6,6,7.6,NA
ROS,75,6/27/2022,2.7,6.4,8.2,NA
ROS,76,6/27/2022,2.7,6.4,7.7,NA
ROS,77,6/27/2022,2.4,5.8,7.5,NA
ROS,78,6/27/2022,2.8,6.8,8.5,NA
ROS,79,6/27/2022,2.6,5.8,7.3,NA
ROS,80,6/27/2022,2.3,5.1,6.5,NA
ROS,81,7/4/2022,2.8,6.2,7.8,NA
ROS,82,7/4/2022,2.5,5.6,7.1,NA
ROS,83,7/4/2022,2.4,5.6,6.9,NA
ROS,84,7/4/2022,2.3,5.7,7,NA
ROS,85,7/4/2022,2.2,5.1,6.6,NA
ROS,86,7/4/2022,2.3,5,6.8,NA
ROS,87,7/4/2022,2.5,5.3,6.9,NA
ROS,88,7/4/2022,2.3,5.3,6.7,NA
ROS,89,7/4/2022,2,5.2,6.8,NA
ROS,90,7/4/2022,2.3,5,6.2,NA
ROS,91,7/11/2022,2.9,6,7.8,NA
ROS,92,7/11/2022,2.7,5.7,6.9,NA
ROS,93,7/11/2022,2.6,5.7,6.9,NA
ROS,94,7/11/2022,2.8,6,7.1,NA
ROS,95,7/11/2022,2.5,5.8,7.2,NA
ROS,96,7/11/2022,2.6,5.8,6.8,NA
ROS,97,7/11/2022,2.3,5.6,6.8,NA
ROS,98,7/11/2022,2.5,5.4,6.7,NA
ROS,99,7/11/2022,2.5,5.2,6.7,NA
ROS,100,7/11/2022,2.7,5.5,7,NA
ROS,101,7/18/2022,2.5,5.5,7,NA
ROS,102,7/18/2022,2.5,5.2,6.6,NA
ROS,103,7/18/2022,2.8,6,8,NA
ROS,104,7/18/2022,2.5,5.4,6.8,NA
ROS,105,7/18/2022,2.4,5.3,6.9,NA
ROS,106,7/18/2022,2.4,5.1,6.7,NA
ROS,107,7/18/2022,2.3,5,6.4,NA
ROS,108,7/18/2022,2.5,5.2,6.9,NA
ROS,109,7/18/2022,2.2,5.2,6.6,NA
ROS,110,7/18/2022,2.4,5.7,7.2,NA
ROS,111,7/27/2022,2.2,5.5,6.8,NA
ROS,112,7/27/2022,2.2,5.5,6.5,NA
ROS,113,7/27/2022,2.1,4.9,6.5,NA
ROS,114,7/27/2022,2.2,6.2,7,NA
ROS,115,7/27/2022,2.6,6.4,7.5,NA
ROS,116,7/27/2022,2.4,5.8,7.2,NA
ROS,117,7/27/2022,2.5,6,7.6,NA
ROS,118,7/27/2022,2.2,5.4,6.8,NA
ROS,119,7/27/2022,2.1,5.5,6.3,NA
ROS,120,7/27/2022,2.2,5.1,6.7,NA
ROS,121,8/2/2022,2.2,5.7,7,NA
ROS,122,8/2/2022,2.3,5.7,7.2,NA
ROS,123,8/2/2022,2.4,5.4,7.1,NA
ROS,124,8/2/2022,2.5,5.6,6.9,NA
ROS,125,8/2/2022,2.3,5.8,6.8,NA
ROS,126,8/2/2022,2.3,5.5,7.2,NA
ROS,127,8/2/2022,2.3,5.4,7,NA
ROS,128,8/2/2022,2.1,5.2,6.6,NA
ROS,129,8/2/2022,2.4,5.5,6.7,NA
ROS,130,8/2/2022,2.4,5.5,6.6,NA
ROS,131,8/8/2022,2.4,5.3,7.1,NA
ROS,132,8/8/2022,2.3,5.7,6.8,NA
ROS,133,8/8/2022,2.3,5.1,6.8,NA
ROS,134,8/8/2022,2.3,5.2,6.6,NA
ROS,135,8/8/2022,2.3,5.2,6.8,NA
ROS,136,8/8/2022,2.4,5.1,6.1,NA
ROS,137,8/8/2022,2.4,5.2,6.7,NA
ROS,138,8/8/2022,2.3,5.4,6.3,NA
ROS,139,8/8/2022,2.4,5.4,6.6,NA
ROS,140,8/8/2022,2.2,4.8,6.2,NA
ROS,141,8/18/2022,2,5.2,6.5,NA
ROS,142,8/18/2022,2.4,5.4,6.7,NA
ROS,143,8/18/2022,2.3,5.1,6.6,NA
ROS,144,8/18/2022,2.1,4.8,6.2,NA
ROS,145,8/18/2022,2.2,5.1,6.5,NA
ROS,146,8/18/2022,2.3,5.3,6.8,NA
ROS,147,8/18/2022,2,4.5,6,NA
ROS,148,8/18/2022,2.1,4.7,6.1,NA
ROS,149,8/18/2022,2.2,4.7,6.2,NA
ROS,150,8/18/2022,1.9,4.9,5.9,NA
ROS,151,8/22/2022,2.4,5.2,6.8,NA
ROS,152,8/22/2022,2.4,5.7,7,NA
ROS,153,8/22/2022,2.4,5.3,6.8,NA
ROS,154,8/22/2022,2.3,5.2,6.8,NA
ROS,155,8/22/2022,2.3,5.5,6.5,NA
ROS,156,8/22/2022,2.5,6.2,7.4,NA
ROS,157,8/22/2022,2.6,5.5,6.5,NA
ROS,158,8/22/2022,2.2,5.2,6.7,NA
ROS,159,8/22/2022,2.3,5.2,6.7,NA
ROS,160,8/22/2022,2.3,5.2,6.2,NA
ROS,161,9/1/2022,2.2,5.2,6.2,NA
ANA,1,5/11/2022,3.5,7.3,9.5,NA
ANA,2,5/16/2022,3,6.8,7.7,NA
ANA,3,5/16/2022,2.9,6.9,7.9,NA
ANA,4,5/16/2022,2.9,7.1,8.3,NA
ANA,5,5/16/2022,3.1,7.3,8.4,NA
ANA,6,5/16/2022,3.4,7.4,8.8,NA
ANA,7,5/18/2022,3.2,7.4,8.3,NA
ANA,8,5/23/2022,3.2,7.2,8.3,NA
ANA,9,5/23/2022,3.2,7.5,8.7,NA
ANA,10,5/23/2022,3.5,7.5,8.7,NA
ANA,11,5/23/2022,3.3,7.7,8.8,NA
ANA,12,5/23/2022,3.1,7.3,8.7,NA
ANA,13,5/23/2022,3.3,7.7,9,NA
ANA,14,5/23/2022,3.5,7.7,9,NA
ANA,15,5/23/2022,3.4,7.4,9,NA
ANA,16,5/30/2022,3.2,7.5,8.8,NA
ANA,17,6/8/2022,3,6.2,8,NA
ANA,18,6/14/2022,2.5,5.2,6.4,NA
ANA,19,6/14/2022,2.3,5.5,6.8,NA
ANA,20,6/14/2022,2.5,5.8,6.7,NA
ANA,21,6/14/2022,2.4,5.4,6.7,NA
ANA,22,6/14/2022,2.4,5.4,6.7,NA
ANA,23,6/14/2022,2.6,5.3,6.6,NA
ANA,24,6/14/2022,2.5,5.5,6.7,NA
ANA,25,6/16/2022,2.6,5.8,7.1,NA
ANA,26,6/16/2022,2.6,6.3,7.4,NA
ANA,27,6/16/2022,2.7,5.9,7.9,NA
ANA,28,6/20/2022,2.5,5.7,7.2,NA
ANA,29,6/20/2022,2.4,5.6,6.7,NA
ANA,30,6/20/2022,2.6,6.1,7.1,NA
ANA,31,6/20/2022,2.4,5.5,6.9,NA
ANA,32,6/20/2022,2.3,5.5,6.6,NA
ANA,33,6/20/2022,2.4,5.6,7.3,NA
ANA,34,6/20/2022,2.7,6.4,7.5,NA
ANA,35,6/20/2022,2.5,5.3,6.8,NA
ANA,36,6/20/2022,2.5,5.7,7,NA
ANA,37,6/20/2022,2.6,5.6,6.5,NA
ANA,38,6/27/2022,2.2,5.4,6.8,NA
ANA,39,6/27/2022,2.6,6.1,7,NA
ANA,40,6/27/2022,2.3,5.5,6.4,NA
ANA,41,6/27/2022,2.5,6.1,7.3,NA
ANA,42,6/27/2022,2.5,5.8,7.2,NA
ANA,43,6/27/2022,2.5,5.5,6.5,NA
ANA,44,6/27/2022,2.4,5.8,6.5,NA
ANA,45,6/27/2022,2.4,5.6,6.5,NA
ANA,46,6/27/2022,2.3,5.7,6.3,NA
ANA,47,6/27/2022,2.5,5.5,7.2,NA
ANA,48,7/4/2022,2.5,5.7,6.9,NA
ANA,49,7/4/2022,2.6,5,6.8,NA
ANA,50,7/4/2022,2.6,5.5,6.7,NA
ANA,51,7/4/2022,2.8,5.7,7.2,NA
ANA,52,7/4/2022,2.9,6.2,7.1,NA
ANA,53,7/4/2022,2.3,5.9,6.9,NA
ANA,54,7/4/2022,3.3,7,8,NA
ANA,55,7/4/2022,2.8,6,7.5,NA
ANA,56,7/4/2022,2.6,5.7,7.1,NA
ANA,57,7/4/2022,2.4,5.2,6.7,NA
ANA,58,7/11/2022,2.2,5.6,6.6,NA
ANA,59,7/11/2022,2.3,5.2,6.7,NA
ANA,60,7/11/2022,2.2,5.1,6.1,NA
ANA,61,7/11/2022,2.4,5.2,6.7,NA
ANA,62,7/11/2022,2.5,5.6,7.2,NA
ANA,63,7/11/2022,2.5,5.7,7,NA
ANA,64,7/11/2022,2.5,5.1,6.5,NA
ANA,65,7/11/2022,2.3,5.1,6.5,NA
ANA,66,7/11/2022,2.2,5.1,6.5,NA
ANA,67,7/11/2022,2.3,5.3,6.5,NA
ANA,68,7/18/2022,2.3,5.2,7,NA
ANA,69,7/18/2022,2.5,5.1,6.6,NA
ANA,70,7/18/2022,2.6,5.4,6.6,NA
ANA,71,7/18/2022,2.2,5,6.6,NA
ANA,72,7/18/2022,2.2,4.9,6.4,NA
ANA,73,7/18/2022,2.8,5.8,7.3,NA
ANA,74,7/18/2022,2.4,5.3,6.7,NA
ANA,75,7/18/2022,2.4,5.4,6.7,NA
ANA,76,7/18/2022,2.4,5.1,6.5,NA
ANA,77,7/18/2022,2.3,5.2,6.7,NA
ANA,78,7/25/2022,2.1,5.4,6.9,NA
ANA,79,7/25/2022,2.3,5.4,6.6,NA
ANA,80,7/25/2022,2.2,5.6,6.5,NA
ANA,81,7/25/2022,2.1,5.3,6.6,NA
ANA,82,7/25/2022,2.1,5.2,6.5,NA
ANA,83,7/25/2022,2.2,5.5,6.7,NA
ANA,84,7/25/2022,2.4,5.6,7,NA
ANA,85,7/25/2022,2.4,5.1,6.7,NA
ANA,86,7/25/2022,2.1,5.1,6.1,NA
ANA,87,7/25/2022,2,5,6.4,NA
ANA,88,8/1/2022,2.2,5.2,6.3,NA
ANA,89,8/1/2022,2.2,5.3,6.7,NA
ANA,90,8/1/2022,2.2,5.8,6.7,NA
ANA,91,8/1/2022,2,4.7,6.2,NA
ANA,92,8/1/2022,2.3,5.3,6.8,NA
ANA,93,8/1/2022,2.2,5.4,6.6,NA
ANA,94,8/1/2022,2.2,5.1,6.7,NA
ANA,95,8/1/2022,2.3,5.1,6.8,NA
ANA,96,8/1/2022,2.1,5.1,6.4,NA
ANA,97,8/1/2022,2.2,5.7,6.7,NA
ANA,98,8/8/2022,2.2,5.1,6.7,NA
ANA,99,8/8/2022,2.3,5.1,6.3,NA
ANA,100,8/10/2022,2.4,5.1,6.5,NA
ANA,101,8/10/2022,2.4,5.6,6.6,NA
ANA,102,8/10/2022,2.4,5.4,6.7,NA
ANA,103,8/10/2022,2.4,5.6,6.8,NA
ANA,104,8/10/2022,2.3,5.2,6.7,NA
ANA,105,8/10/2022,2.6,5.8,7.2,NA
ANA,106,8/10/2022,2.3,5.2,6.9,NA
ANA,107,8/10/2022,2.4,5.3,6.8,NA
ANA,108,8/15/2022,2.2,4.8,6.2,NA
ANA,109,8/22/2022,2.3,5.1,6.5,NA
ANA,110,8/22/2022,2.1,5.2,6.5,NA
ANA,111,8/22/2022,2,4.8,6.5,NA
ANA,112,8/22/2022,2.2,4.6,6,NA
ANA,113,8/22/2022,2.2,4.8,6.4,NA
ANA,114,8/22/2022,2.1,4.9,6.2,NA
ANA,115,8/22/2022,2.2,5.2,6.7,NA
ANA,116,8/22/2022,2.1,4.7,6,NA
ANA,117,8/22/2022,2.1,5.1,6.5,NA
ANA,118,8/22/2022,2.2,5.3,6.6,NA
ANA,119,8/29/2022,2.3,5.1,6.8,NA
ANA,120,8/29/2022,2.2,5.1,6.8,NA
ANA,121,8/29/2022,2.1,5,6.5,NA
ANA,122,8/29/2022,5,4.9,NA,NA
ANA,123,9/1/2022,1.9,4.7,6.2,NA
ANA,124,9/1/2022,2.1,5.1,6.5,NA
FHL,1,5/17/2022,3.3,6.6,8.7,NA
FHL,2,5/17/2022,3.2,7,8.2,NA
FHL,3,5/17/2022,3.4,8.2,9.3,NA
FHL,4,5/17/2022,3.6,8.1,9.1,NA
FHL,5,5/17/2022,3.5,8,9.1,NA
FHL,6,5/17/2022,3.5,8.5,9.5,NA
FHL,7,5/17/2022,3.5,7.6,9,NA
FHL,8,5/17/2022,3.2,7.2,8.3,NA
FHL,9,5/25/2022,3.2,6.8,8.5,NA
FHL,10,5/25/2022,3.4,7,9,NA
FHL,11,5/25/2022,3.4,7.1,8.9,NA
FHL,12,5/25/2022,3.3,7.5,8.7,NA
FHL,13,5/25/2022,3.5,7,9,NA
FHL,14,5/25/2022,3.2,7,9,NA
FHL,15,5/25/2022,3,6.2,7.7,NA
FHL,16,5/25/2022,3.2,7.7,8.5,NA
FHL,17,5/25/2022,3,7,8.8,NA
FHL,18,5/25/2022,3.1,7.3,8.5,NA
FHL,19,6/8/2022,2.9,6.7,8,NA
FHL,20,6/8/2022,2.6,5.1,6.6,NA
FHL,21,6/8/2022,3,6.7,8.1,NA
FHL,22,6/8/2022,3,7.3,8.7,NA
FHL,23,6/8/2022,2.3,5.9,6.8,NA
FHL,24,6/8/2022,2.6,5.5,7.1,NA
FHL,25,6/8/2022,3.3,7,8.2,NA
FHL,26,6/8/2022,2.6,5.7,7.1,NA
FHL,27,6/8/2022,2.9,6.7,8.3,NA
FHL,28,6/8/2022,2.5,5.8,6.8,NA
FHL,29,6/22/2022,3.1,7.6,9,NA
FHL,30,6/22/2022,2.1,4.8,6.1,NA
FHL,31,6/22/2022,2.4,5.5,6.9,NA
FHL,32,6/22/2022,3.1,7.2,8.2,NA
FHL,33,6/22/2022,3,6.7,8.2,NA
FHL,34,6/22/2022,2.4,5.3,6.7,NA
FHL,35,6/22/2022,2.8,6.9,7.9,NA
FHL,36,6/22/2022,2.2,5.1,6.3,NA
FHL,37,6/22/2022,2.6,5.7,7.2,NA
FHL,38,6/22/2022,2.6,5.9,7.2,NA
FHL,39,7/6/2022,3,6,7.6,NA
FHL,40,7/6/2022,2.6,5.6,7,NA
FHL,41,7/6/2022,2.4,5.6,7.1,NA
FHL,42,7/6/2022,2.7,5.9,6.8,NA
FHL,43,7/6/2022,2.6,5.5,7.1,NA
FHL,44,7/6/2022,2.6,5.8,7,NA
FHL,45,7/6/2022,2.3,5.3,7,NA
FHL,46,7/6/2022,2.7,5.7,7.2,NA
FHL,47,7/6/2022,2.3,5,6.4,NA
FHL,48,7/6/2022,2.6,6.1,7.2,NA
FHL,49,7/20/2022,2.5,5.7,6.9,NA
FHL,50,7/20/2022,2.6,5.6,6.9,NA
FHL,51,7/20/2022,2.6,5.3,6.9,NA
FHL,52,7/20/2022,2.3,5.7,6.8,NA
FHL,53,7/20/2022,2.3,5.2,6.8,NA
FHL,54,7/20/2022,2.3,5.5,6.7,NA
FHL,55,7/20/2022,2.3,5.2,6.5,NA
FHL,56,7/20/2022,2.6,5.8,6.9,NA
FHL,57,7/20/2022,2.3,5.1,6.5,NA
FHL,58,7/20/2022,2.3,5.2,6.8,NA
FHL,59,8/3/2022,2.1,5.4,6.6,NA
FHL,60,8/3/2022,2.2,5.1,6.5,NA
FHL,61,8/3/2022,2.2,5.3,6.6,NA
FHL,62,8/3/2022,2.2,4.8,6.4,NA
FHL,63,8/3/2022,2.5,5.4,6.8,NA
FHL,64,8/3/2022,2.4,5.4,6.9,NA
FHL,65,8/3/2022,2.5,5.8,7,NA
FHL,66,8/3/2022,2.3,5.2,6.4,NA
FHL,67,8/3/2022,2.2,5.4,6.5,NA
FHL,68,8/3/2022,2.3,5.2,6.4,NA
FHL,69,8/18/2022,2.1,5.1,6.4,NA
FHL,70,8/18/2022,2.2,5.2,6.7,NA
FHL,71,8/18/2022,2,4.7,5.9,NA
FHL,72,8/18/2022,2.4,5.3,7,NA
FHL,73,8/18/2022,2.2,5.1,6.7,NA
FHL,74,8/18/2022,2.2,5.3,6.8,NA
FHL,75,8/18/2022,2.3,5.3,7,NA
FHL,76,8/18/2022,2.2,5.1,6.4,NA
FHL,77,8/18/2022,2.2,5.3,6.9,NA
FHL,78,8/18/2022,2,4.7,6.1,NA
FHL,79,8/31/2022,2.2,4.9,6.6,NA
FHL,80,8/31/2022,2.1,5.1,6.9,NA
FHL,81,8/31/2022,2.3,5.1,6.7,NA
FHL,82,8/31/2022,1.9,5.1,6.4,NA
FHL,83,8/31/2022,2.1,4.5,5.9,NA
FHL,84,8/31/2022,2,5.1,6.4,NA
FHL,85,8/31/2022,2.1,5,6.6,NA
FHL,86,8/31/2022,2,4.9,6.1,NA
FHL,87,8/31/2022,2.2,5,6.9,NA
FHL,88,8/31/2022,1.9,4.8,5.9,NA
FHL,89,9/14/2022,2.1,4.8,6.2,NA
SMS,1,NA,NA,NA,NA,skipped vial?
SMS,2,5/25/2022,3.3,7.2,8.9,NA
SMS,3,5/25/2022,7.1,7.1,NA,NA
SMS,4,6/6/2022,6.7,6.7,NA,NA
SMS,5,6/8/2022,2.5,5.7,7,NA
SMS,6,6/13/2022,2.7,6.1,7.3,NA
SMS,7,6/13/2022,2.7,6.2,7.4,NA
SMS,8,6/13/2022,2.6,5.7,7,NA
SMS,9,6/13/2022,2.7,6,7.2,NA
SMS,10,6/13/2022,2.4,5.7,6.7,NA
SMS,11,6/13/2022,2.5,6,7.1,NA
SMS,12,6/13/2022,2.4,5.9,7,NA
SMS,13,6/13/2022,2.6,5.7,7,NA
SMS,14,6/13/2022,2.8,5.8,7.1,NA
SMS,15,6/13/2022,2.6,5.7,7,NA
SMS,16,6/20/2022,2.6,6.1,7.5,NA
SMS,17,6/20/2022,2.7,5.9,7.2,NA
SMS,18,6/20/2022,2.3,5.6,7,NA
SMS,19,6/20/2022,2.4,5.4,6.9,NA
SMS,20,6/20/2022,2.5,5.8,6.7,NA
SMS,21,6/20/2022,2.5,5.6,7.1,NA
SMS,22,6/20/2022,2.3,5.4,7,NA
SMS,23,6/20/2022,2.3,5.7,7,NA
SMS,24,6/20/2022,2.6,5.4,7,NA
SMS,25,6/20/2022,2.4,5.3,6.7,NA
SMS,26,6/27/2022,2.7,6.1,7.2,NA
SMS,27,6/27/2022,5,5,NA,NA
SMS,28,6/29/2022,2.4,5.6,7,NA
SMS,29,6/29/2022,2.4,5.5,6.6,NA
SMS,30,6/29/2022,2.3,5.2,6.7,NA
SMS,31,6/29/2022,2.4,5.2,6.7,NA
SMS,32,6/29/2022,2.3,5.4,6.7,NA
SMS,33,6/29/2022,2.2,5.5,6.7,NA
SMS,34,6/29/2022,2.3,5.4,6.7,NA
SMS,35,6/29/2022,2.3,5.4,6.7,NA
SMS,36,7/4/2022,2.6,5.6,7.3,NA
SMS,37,7/4/2022,2.4,5.6,6.8,NA
SMS,38,7/4/2022,2.6,5.6,6.8,NA
SMS,39,7/4/2022,2.6,5.3,6.6,NA
SMS,40,7/4/2022,2.6,5.9,7.1,NA
SMS,41,7/4/2022,2.7,5.7,7.2,NA
SMS,42,7/4/2022,2.6,5.8,7.1,NA
SMS,43,7/4/2022,2.7,5.6,6.7,NA
SMS,44,7/4/2022,2.7,5.8,7,NA
SMS,45,7/4/2022,2.1,5.3,6.6,NA
SMS,46,7/11/2022,2.3,5.3,6.5,NA
SMS,47,7/11/2022,2.4,5.3,6.5,NA
SMS,48,7/11/2022,2.3,5,6.3,NA
SMS,49,7/11/2022,2.6,5.2,6.6,NA
SMS,50,7/11/2022,2.5,5.2,6.8,NA
SMS,51,7/11/2022,2.4,6.4,7.1,NA
SMS,52,7/11/2022,2.4,5.3,6.7,NA
SMS,53,7/11/2022,2.3,5.3,6.9,NA
SMS,54,7/11/2022,2.4,5.5,7.1,NA
SMS,55,7/11/2022,2.1,4.8,6.6,NA
SMS,56,7/25/2022,2.1,5.4,6.7,NA
SMS,57,7/25/2022,2.2,5.2,6.9,NA
SMS,58,7/25/2022,2.2,5.5,6.7,NA
SMS,59,7/25/2022,2,4.9,6.5,NA
SMS,60,7/25/2022,2.2,5.3,6.3,NA
SMS,61,7/25/2022,2.2,5.1,6.8,NA
SMS,62,7/25/2022,2.4,5.7,7.5,NA
SMS,63,7/25/2022,2.2,5.2,6.6,NA
SMS,64,7/25/2022,2.2,5.2,6.6,NA
SMS,65,7/25/2022,2.1,5.1,6.5,NA
SMS,66,8/1/2022,2.3,5.6,6.6,NA
SMS,67,8/1/2022,2.3,6.2,7.6,NA
SMS,68,8/1/2022,2.4,5.2,6.9,NA
SMS,69,8/1/2022,2.4,4.8,6.4,NA
SMS,70,8/1/2022,2.1,5.4,6.7,NA
SMS,71,8/1/2022,2.2,4.9,5.8,NA
SMS,72,8/1/2022,2.2,5.4,6.7,NA
SMS,73,8/1/2022,2.3,5.6,6.7,NA
SMS,74,8/1/2022,1.9,4.9,5.8,NA
SMS,75,8/1/2022,2.2,5.3,6.4,NA
SMS,76,8/8/2022,2.2,6.1,7.1,NA
SMS,77,8/8/2022,2.3,5.5,7,NA
SMS,78,8/8/2022,2.4,5.3,6.7,NA
SMS,79,8/8/2022,2.3,5.4,6.7,NA
SMS,80,8/8/2022,2.3,5.2,6.5,NA
SMS,81,8/8/2022,2.3,5.6,6.7,NA
SMS,82,8/8/2022,2.4,5.6,7.1,NA
SMS,83,8/8/2022,2.4,5.7,7.1,NA
SMS,84,8/8/2022,2.3,5.7,7.1,NA
SMS,85,8/8/2022,2.5,5.6,6.7,NA
SMS,86,8/15/2022,2,4.9,6.4,NA
SMS,87,8/15/2022,2.4,5.3,6.7,NA
SMS,88,8/15/2022,2.3,5.1,6.8,NA
SMS,89,8/15/2022,2.3,5.2,6.8,NA
SMS,90,8/15/2022,2.2,4.8,6.2,NA
SMS,91,8/15/2022,2.2,4.9,6.2,NA
SMS,92,8/15/2022,2.2,5.1,6.5,NA
SMS,93,8/15/2022,2.2,5,6.3,NA
SMS,94,8/15/2022,2,4.7,6.1,NA
SMS,95,8/22/2022,2.2,5.2,6.5,NA
SMS,96,8/22/2022,1.9,4.8,6.3,NA
SMS,97,8/22/2022,2.1,5.1,6.7,NA
SMS,98,8/22/2022,2.2,5.1,6.4,NA
SMS,99,8/22/2022,2,5.1,6.4,NA
SMS,100,8/22/2022,2,5,6.3,NA
SMS,101,8/22/2022,2,4.9,6.3,NA
SMS,102,8/22/2022,2.1,5,6.4,NA
SMS,103,8/22/2022,2.1,5,6.4,NA
SMS,104,8/22/2022,2.2,5.2,6.6,NA
SMS,105,NA,NA,NA,NA,Skipped vial
SMS,106,8/29/2022,2.3,5.8,6.8,NA
SMS,107,8/29/2022,2,5,6.5,NA
SMS,108,8/29/2022,2.2,5.2,6.6,NA
SMS,109,8/29/2022,1.9,4.8,6.3,NA
SMS,110,8/29/2022,4.7,4.7,NA,NA
SMS,111,8/29/2022,4.5,4.6,NA,NA
SMS,112,9/5/2022,2,5.3,6.3,NA
SMS,113,9/5/2022,2,4.7,NA,NA
SMS,114,9/5/2022,2.3,5.7,6.7,NA
SMS,115,9/5/2022,2.1,4.9,6.6,NA
SMS,116,9/5/2022,5.1,5.1,NA,NA
SMS,117,9/5/2022,5,5.1,NA,NA
SMS,118,9/5/2022,5.3,5.2,NA,NA
SMS,119,9/12/2022,2.2,4.9,6.3,NA
SMS,120,9/12/2022,2.2,5.3,6.3,NA
SMS,121,9/12/2022,2.1,4.7,5.5,NA
SMS,122,9/12/2022,2.2,4.8,5.7,NA
SMS,123,9/12/2022,2.3,4.8,5.7,NA
SMS,124,9/12/2022,2.1,5,6.3,NA
SMS,125,9/12/2022,2.3,5.2,6.6,NA
SMS,126,9/12/2022,2.3,5.5,6.7,NA
SMS,127,9/12/2022,2.1,5.4,6.6,NA
SMS,128,9/12/2022,2.2,5,6.2,NA
SMS,129,9/19/2022,1.9,4.9,5.8,NA
SMS,130,9/19/2022,2.2,5,6.1,NA
SMS,131,9/19/2022,1.8,5.1,6,NA
SMS,132,9/19/2022,2.1,4.7,5.8,NA
SMS,133,9/19/2022,2.1,5.3,6.8,NA
SMS,134,9/19/2022,1.9,5.1,6.3,NA
LOF,1,7/7/2022,2.5,5.4,7,NA
LOF,2,7/7/2022,2.6,6.3,8,NA
LOF,3,7/7/2022,2.4,5.3,7,NA
LOF,4,7/7/2022,2.4,5.2,6.5,NA
LOF,5,7/7/2022,2.4,5.3,6.9,NA
LOF,6,7/7/2022,2.5,5.4,7.3,NA
LOF,7,7/7/2022,2.5,5.9,7.6,NA
LOF,8,NA,NA,NA,NA,NA
LOF,9,7/7/2022,2.2,5.2,6.8,NA
LOF,10,7/7/2022,2.4,5.7,6.9,NA
LOF,11,7/7/2022,2.7,6,8.1,NA
LOF,12,7/11/2022,2.6,5.7,7.7,NA
LOF,13,7/11/2022,2.5,5.5,7,NA
LOF,14,7/11/2022,2.7,5.5,7.3,NA
LOF,15,7/11/2022,2.7,5.3,7.3,NA
LOF,16,7/11/2022,2.8,5.6,7.4,NA
LOF,17,7/11/2022,2.6,5.7,7.7,NA
LOF,18,7/11/2022,2.6,5.3,7.2,NA
LOF,19,7/11/2022,2.6,5.5,7.3,NA
LOF,20,7/11/2022,2.5,5.2,7.1,NA
LOF,21,7/11/2022,2.8,5.6,7.3,NA
LOF,22,7/19/2022,2.5,5.1,6.9,NA
LOF,23,7/19/2022,2.9,6,7.3,NA
LOF,24,7/19/2022,2.7,5.6,7.4,NA
LOF,25,7/19/2022,2.7,5.8,7.1,NA
LOF,26,7/19/2022,2.7,5.9,7.5,NA
LOF,27,7/19/2022,2.8,6.1,7.6,NA
LOF,28,7/19/2022,2.7,5.8,6.9,NA
LOF,29,7/19/2022,2.4,5.5,6.7,NA
LOF,30,7/19/2022,2.6,5.5,6.8,NA
LOF,31,7/19/2022,2.6,5.6,7,NA
LOF,32,7/29/2022,2.3,5.4,7.2,NA
LOF,33,7/29/2022,2.4,5.2,6.9,NA
LOF,34,7/29/2022,2.6,5.7,7.6,NA
LOF,35,7/29/2022,2.6,5.3,7.4,NA
LOF,36,7/29/2022,2.8,5.6,7.5,NA
LOF,37,7/29/2022,2.2,5.4,6.9,NA
LOF,38,7/29/2022,2.5,5.5,7,NA
LOF,39,7/29/2022,2.7,5.7,7.2,NA
LOF,40,7/29/2022,2.6,5.2,7.3,NA
LOF,41,6/27/2022,3.2,6.7,8.4,NA
LOF,42,6/27/2022,2.6,5.8,7.2,NA
LOF,43,6/27/2022,2.6,5.6,7.3,NA
LOF,44,6/27/2022,2.8,6.4,8,NA
LOF,45,6/27/2022,2.5,5.3,6.9,NA
LOF,46,6/27/2022,2.2,5.1,6.6,NA
LOF,47,6/27/2022,2.6,5.3,7.3,NA
LOF,48,6/27/2022,2.2,5.4,6.7,NA
LOF,49,6/27/2022,2.6,6.2,7.2,NA
LOF,50,6/27/2022,2.5,5.7,7.3,NA
LOF,51,5/12/2022,4.4,6.8,8,NA
LOF,52,5/20/2022,3.4,6.2,7.1,NA
LOF,53,5/20/2022,2.6,5.7,6.2,NA
LOF,54,5/20/2022,3.6,5.9,7.3,NA
LOF,55,5/20/2022,4,5.9,7.4,NA
LOF,56,5/20/2022,3.2,6.8,8,NA
LOF,57,5/20/2022,3.9,6.5,8.4,NA
LOF,58,5/20/2022,3.9,6.5,8.2,NA
LOF,59,5/20/2022,3.2,6.2,7.8,NA
LOF,60,5/20/2022,3.4,5.9,7.7,NA
LOF,61,5/20/2022,3.5,6.9,8.4,NA
LOF,62,5/23/2022,3.7,6.6,9.5,NA
LOF,63,5/23/2022,3.3,6.9,9.9,NA
LOF,64,5/23/2022,3.6,6.5,8.6,NA
LOF,65,5/23/2022,3.4,6.7,8.2,NA
LOF,66,5/23/2022,3.4,6.7,8.1,NA
LOF,67,5/23/2022,2.6,5.4,7.3,NA
LOF,68,5/23/2022,3.2,6.2,8.4,NA
LOF,69,5/23/2022,3.7,7.3,9.7,NA
LOF,70,5/23/2022,2.6,6,7.6,NA
LOF,71,5/23/2022,3.2,7.2,8.7,NA
LOF,72,6/2/2022,3.6,7.1,8.7,NA
LOF,73,6/2/2022,3.1,6.1,7.6,NA
LOF,74,6/2/2022,3.3,7.1,8.7,NA
LOF,75,6/2/2022,2.7,5.2,6.8,NA
LOF,76,6/2/2022,3,6.8,8.3,NA
LOF,77,6/2/2022,3,6.4,8.1,NA
LOF,78,NA,NA,NA,NA,NA
LOF,79,6/2/2022,3.1,7.3,8.8,NA
LOF,80,6/2/2022,2.9,6,7,NA
LOF,81,6/2/2022,3,7.3,8.5,NA
LOF,82,6/2/2022,2.7,6,7.2,NA
LOF,83,6/10/2022,3,6,7.5,NA
LOF,84,6/10/2022,2.3,5.6,7.3,NA
LOF,85,6/10/2022,3.3,7.1,8.9,NA
LOF,86,6/10/2022,2.4,5.5,7.3,NA
LOF,87,6/10/2022,2.6,5.6,6.8,NA
LOF,88,6/10/2022,2.9,5.8,7.3,NA
LOF,89,6/10/2022,2.3,5.5,7.2,NA
LOF,90,6/10/2022,2.9,6.5,7.3,NA
LOF,91,6/10/2022,2.7,5.7,7.2,NA
LOF,92,6/10/2022,2.6,6.1,7.7,NA
LOF,93,6/16/2022,2.8,5.9,7.6,NA
LOF,94,6/16/2022,2.5,5.5,7.4,NA
LOF,95,6/16/2022,3.2,5.7,7.6,NA
LOF,96,6/16/2022,2.8,5.6,7.8,NA
LOF,97,6/16/2022,2.7,5.8,7.5,NA
LOF,98,6/16/2022,2.6,5.7,7.1,NA
LOF,99,6/16/2022,3,5.7,7.8,NA
LOF,100,6/16/2022,2.7,5.5,7.4,NA
LOF,101,6/16/2022,2.6,5.3,7.4,NA
LOF,102,6/16/2022,2.8,6.2,8.6,NA
LOF,103,6/16/2022,2.5,5.5,7.2,NA
LOF,104,6/23/2022,2.2,5.4,6.9,NA
LOF,105,6/23/2022,2.8,5.8,8,NA
LOF,106,6/23/2022,2.8,5.7,7.6,NA
LOF,107,6/23/2022,3,5.6,7.6,NA
LOF,108,6/23/2022,3.5,6.4,8.3,NA
LOF,109,6/23/2022,2.6,5.6,7.6,NA
LOF,110,6/23/2022,2.8,5.6,7.4,NA
LOF,111,6/23/2022,3,6.5,8.3,NA
LOF,112,6/23/2022,2.9,6,8.1,NA
LOF,132,8/4/2022,2.5,5.9,7.1,NA
LOF,133,8/4/2022,2.5,5.8,7.1,NA
LOF,134,8/4/2022,2.4,5.5,7,NA
LOF,135,8/4/2022,2.6,5.3,7.1,NA
LOF,136,8/4/2022,2.8,5.5,7.2,NA
LOF,137,8/4/2022,2.5,5.3,6.6,NA
LOF,138,8/4/2022,2.5,5.7,7.2,NA
LOF,139,8/4/2022,2.9,6.1,7.6,NA
LOF,140,8/4/2022,2.6,5.5,7.3,NA
LOF,141,8/4/2022,2.5,5.4,6.9,NA
LOF,142,8/8/2022,2.5,5.2,6.1,NA
LOF,143,8/8/2022,2.8,5.8,6.9,NA
LOF,144,8/8/2022,2.5,5.4,6.7,NA
LOF,145,8/8/2022,2.5,5.2,6.7,NA
LOF,146,8/8/2022,2.6,5.5,6.5,NA
LOF,147,8/8/2022,2.6,5.7,7.3,NA
LOF,148,8/8/2022,3,6.3,7.6,NA
LOF,149,8/8/2022,2.6,5.1,6.5,NA
LOF,150,8/8/2022,2.5,5.2,6.4,NA
LOF,151,8/8/2022,2.5,5.6,6.8,NA
LOF,152,8/15/2022,2.7,5.6,7.3,NA
LOF,153,8/15/2022,2.7,5.8,7.4,NA
LOF,154,8/15/2022,2.4,5.6,6.8,NA
LOF,155,8/15/2022,2.6,5.7,7.1,NA
LOF,156,8/15/2022,2.6,6.1,7.2,NA
LOF,157,8/15/2022,2.5,5.7,7.2,NA
LOF,158,8/15/2022,2.2,5.2,6.5,NA
LOF,159,8/15/2022,2.4,5,6.3,NA
ZIT,1,5/28/2022,3.1,5.8,6.8,NA
ZIT,2,6/13/2022,2.9,5.7,7.4,NA
ZIT,3,6/18/2022,3,5.7,7.2,NA
ZIT,4,6/18/2022,3,5.7,7.7,NA
ZIT,5,6/20/2022,3.3,6.1,7.2,NA
ZIT,6,6/26/2022,2.7,6.1,7.2,NA
ZIT,7,6/26/2022,2.8,5.9,7.5,NA
ZIT,8,6/29/2022,2.8,NA,NA,SPINE BROKEN
ZIT,9,7/8/2022,2.8,6,7.8,NA
ZIT,10,7/10/2022,2.8,5.3,6.7,NA
ZIT,11,7/11/2022,2.6,5.5,7.1,NA
ZIT,12,7/18/2022,2.5,5.4,7.3,NA
ZIT,13,7/18/2022,2.9,5.3,7.2,NA
ZIT,14,7/8/2022,2.8,5.5,7.4,NA
ZIT,15,7/8/2022,2.6,5,6.6,NA
ZIT,16,7/18/2022,2.9,5.7,7.5,NA
ZIT,17,8/7/2022,2.9,6.1,7.2,NA
ZIT,18,7/22/2022,3,5.9,7.2,NA
ZIT,19,8/3/2022,2.5,5.5,7.1,NA
SQR,1,5/13/2022,3.4,6.9,8.2,NA
SQR,2,5/13/2022,3,6.3,7.7,NA
SQR,3,5/13/2022,3,6.2,8.4,NA
SQR,4,5/13/2022,2.8,5.8,7.7,NA
SQR,5,5/13/2022,3,6.5,8.1,NA
SQR,6,5/13/2022,3.5,6.9,8.4,NA
SQR,7,5/13/2022,3.1,7.3,8.5,NA
SQR,8,5/13/2022,3.1,6.8,7.6,Maybe missing part of posterior spine.
SQR,9,5/13/2022,3.2,7.1,8.7,Molting hard to measure.
SQR,10,5/13/2022,3.3,7.1,8.7,NA
SQR,11,5/16/2022,3.2,7.1,8.3,Maybe missing part of posterior spine.
SQR,12,5/16/2022,3.2,6.9,8.8,NA
SQR,13,5/16/2022,3.2,6.6,8.8,NA
SQR,14,5/16/2022,3.3,6.9,8.5,NA
SQR,15,5/16/2022,3.2,6.5,8.2,NA
SQR,16,5/16/2022,3.1,7,8.9,NA
SQR,17,5/16/2022,3.2,7.1,8.9,NA
SQR,18,5/16/2022,3.1,6.8,8.5,NA
SQR,19,5/20/2022,3.1,6.7,8.8,NA
SQR,20,5/20/2022,3.3,6.6,8,NA
SQR,21,5/23/2022,3.1,7,8.7,NA
SQR,22,5/23/2022,3.1,6.5,8.3,NA
SQR,23,5/23/2022,3.2,6.9,8.7,NA
SQR,24,5/23/2022,3.1,6,7.8,NA
SQR,25,5/23/2022,3.3,7,9.2,NA
SQR,26,5/23/2022,3.2,6.5,8.4,NA
SQR,27,5/23/2022,3.1,6.7,8.4,NA
SQR,28,5/23/2022,3.2,6.4,8.3,NA
SQR,29,5/23/2022,3.2,6.5,8.3,NA
SQR,30,5/23/2022,3.2,6.3,8.5,Molting hard to measure.
SQR,31,5/31/2022,2.9,6.6,8.2,NA
SQR,32,5/31/2022,2.5,6.2,8.2,NA
SQR,33,6/3/2022,3.1,6.4,8.2,NA
SQR,34,6/3/2022,2.9,6.6,8.5,NA
SQR,35,6/4/2022,3.2,6.1,8.1,NA
SQR,36,6/6/2022,5.8,6.1,NA,Measured 6/10/22. Incomplete measurement. Sample is a instar. Sample molted. Throw out the sample & data.
SQR,37,6/6/2022,3.1,6.5,8.2,Measured 6/10/22
SQR,38,6/8/2022,2.9,5.7,7.6,Measured 6/10/22
SQR,39,6/8/2022,2.8,5.2,6.8,Measured 6/10/22
SQR,40,6/8/2022,3,6.5,8.3,Measured 6/10/22
SQR,41,6/10/2022,3.1,6.5,8,NA
SQR,42,6/22/2022,2.3,5,6.6,NA
SQR,43,6/22/2022,3.2,6.3,7.9,NA
SQR,44,6/22/2022,3,5.7,7.6,NA
SQR,45,6/22/2022,3.1,6.3,8.1,NA
SQR,46,6/22/2022,2.9,5.3,6.9,NA
SQR,47,6/22/2022,3,6.7,8.3,NA
SQR,48,6/22/2022,2.9,6.1,8.1,NA
SQR,49,6/22/2022,3.1,6,7.8,NA
SQR,50,6/22/2022,2.8,5.2,7.8,NA
SQR,51,6/22/2022,3,5.3,7.1,NA
SQR,52,6/22/2022,2.6,5.2,6.9,NA
SQR,53,6/22/2022,2.7,5.1,6.8,NA
SQR,54,6/22/2022,3,5.4,7.1,NA
SQR,55,6/27/2022,2.5,5.6,7.5,NA
SQR,56,6/27/2022,2.9,5.7,7.4,NA
SQR,57,6/27/2022,2.7,5.4,7.2,NA
SQR,58,7/1/2022,2.8,6.2,7.8,NA
SQR,59,7/1/2022,2.7,5.1,7.1,NA
SQR,60,7/1/2022,3.1,5.9,7.5,NA
SQR,61,7/1/2022,2.6,5.2,6.7,NA
SQR,62,7/1/2022,2.7,5.1,6.9,NA
SQR,63,7/1/2022,3.2,6.5,8.5,NA
SQR,64,7/1/2022,2.9,5.5,7,NA
SQR,65,7/1/2022,2.9,5.8,7.4,NA
SQR,66,7/1/2022,3.1,5.2,6.4,NA
SQR,67,7/1/2022,2.9,5.5,7,NA
SQR,68,7/1/2022,2.8,5.4,6.7,NA
SQR,69,7/5/2022,3,5.8,7.4,NA
SQR,70,7/5/2022,2.7,5.2,6.9,NA
SQR,71,7/5/2022,2.8,5.3,6.6,NA
SQR,72,7/5/2022,2.7,5.4,7,NA
SQR,73,7/5/2022,2.7,5.5,7,NA
SQR,74,7/5/2022,3,5.1,6.6,NA
SQR,75,7/5/2022,3,5.4,7,NA
SQR,76,7/5/2022,2.7,5,6.5,NA
SQR,77,7/5/2022,3,5.9,7.9,NA
SQR,78,7/5/2022,2.7,5.5,6.8,NA
SQR,79,7/11/2022,2.8,5,6.7,NA
SQR,80,7/11/2022,2.4,4.7,6.5,NA
SQR,81,7/11/2022,3,5.9,7.4,NA
SQR,82,7/11/2022,2.9,5.7,7.2,NA
SQR,83,7/11/2022,2.8,5,7,NA
SQR,84,7/11/2022,2.6,5,6.5,NA
SQR,85,7/11/2022,3,5.8,7.6,NA
SQR,86,7/11/2022,2.8,5.9,7.7,NA
SQR,87,7/11/2022,2.9,5.8,7.1,NA
SQR,88,7/11/2022,2.6,5,6.5,NA
SQR,89,7/20/2022,3.4,5.2,7.2,"Megalope was dead when I measured, no live crab in this catch"
SQR,90,7/20/2022,3,5.8,7.3,"Megalope was dead when I measured, no live crab in this catch"
SQR,91,7/20/2022,3,5.8,7.5,"Megalope was dead when I measured, no live crab in this catch"
SQR,92,7/20/2022,3,5.4,7.4,"Megalope was dead when I measured, no live crab in this catch"
SQR,93,7/20/2022,2.7,5.1,6.7,"Megalope was dead when I measured, no live crab in this catch"
SQR,94,7/20/2022,2.9,4.8,6.6,"Megalope was dead when I measured, no live crab in this catch"
SQR,95,7/20/2022,2.6,4.8,6.9,"Megalope was dead when I measured, no live crab in this catch"
SQR,96,7/20/2022,2.8,5,6.5,"Megalope was dead when I measured, no live crab in this catch"
SQR,97,7/20/2022,2.8,4.4,6.5,"Megalope was dead when I measured, no live crab in this catch"
SQR,98,7/20/2022,3.1,4.6,6.7,"Megalope was dead when I measured, no live crab in this catch"
SQR,99,7/25/2022,2.8,5.3,7.1,NA
SQR,100,7/25/2022,2.8,5.1,6.9,NA
SQR,101,7/25/2022,2.7,5.1,6.7,NA
SQR,102,7/25/2022,2.6,5,6.6,NA
SQR,103,7/25/2022,2.9,5.4,7.1,NA
SQR,104,7/25/2022,2.8,5.1,6.9,NA
SQR,105,7/25/2022,2.7,4.8,6.5,NA
SQR,106,7/25/2022,2.7,5.2,6.7,NA
SQR,107,7/25/2022,3,5.2,6.8,NA
SQR,108,7/25/2022,NA,4.8,6.4,"incomplete measurement, throw out the sample"
SQR,109,8/3/2022,2.9,5.4,7,NA
SQR,110,8/3/2022,2.7,5.4,7.1,NA
SQR,111,8/3/2022,2.7,5.2,6.8,NA
SQR,112,8/3/2022,2.7,4.8,6.4,NA
SQR,113,8/3/2022,3.2,5.5,7.1,NA
SQR,114,8/3/2022,2.6,5.1,6.7,NA
SQR,115,8/3/2022,2.9,5.2,6.5,NA
SQR,116,8/3/2022,2.6,5,6.5,NA
SQR,117,8/3/2022,2.6,4.9,6.3,NA
SQR,118,8/3/2022,2.5,4.8,6.2,NA
SQR,119,8/9/2022,2.6,5,6.2,NA
SQR,120,8/9/2022,2.6,5,6.6,NA
SQR,121,8/9/2022,2.4,5.1,6.5,NA
SQR,122,8/9/2022,3,5.8,7.3,NA
SQR,123,8/9/2022,2.9,5.2,7.1,NA
SQR,124,8/9/2022,2.7,5,6.6,NA
SQR,125,8/9/2022,2.9,5.6,7.4,NA
SQR,126,8/9/2022,2.6,5.3,6.9,NA
SQR,127,8/9/2022,2.5,5,6.3,NA
SQR,128,8/9/2022,2.8,4.8,6.1,NA
SQR,129,8/15/2022,2.8,4.9,5.08,missing back spine
SQR,130,8/15/2022,2.7,5,6.3,NA
SQR,131,8/17/2022,3.1,5,6.9,NA
SQR,132,8/17/2022,2.6,4.8,6.7,NA
SQR,141,8/21/2022,2.8,5.1,6.8,*vials 133- through 140 were missing from sample kit
SQR,142,8/26/2022,2.6,5.2,7,NA
MST,1,6/20/2022,3.1,3.9,5.1,NA
MST,2,6/22/2022,2.8,5,7.3,NA
MST,3,6/25/2022,3,6.2,7.2,NA
MST,4,6/25/2022,3.2,6.3,7.8,NA
MST,5,6/23/2022,2.4,5.3,7.2,NA
MST,6,6/23/2022,3,5.7,7.8,NA
MST,7,6/27/2022,4.9,7.1,8.9,NA
MST,8,6/27/2022,4.1,6.7,8.7,NA
MST,9,6/23/2022,2.8,4.5,6.3,NA
MST,10,6/27/2022,3.9,6.3,7.5,NA
MST,11,6/27/2022,4.8,6.3,8.3,NA
MST,12,6/27/2022,4.2,6.3,8.3,NA
MST,13,6/27/2022,3.9,7.4,8.8,NA
MST,14,6/27/2022,4.5,6.3,7.7,NA
MST,15,6/27/2022,4.2,6.4,8.3,NA
MST,16,6/27/2022,3.6,5.9,7.3,NA
MST,17,6/27/2022,4.8,6.3,8.2,NA
MST,18,6/27/2022,4.2,6.3,7.9,NA
MST,19,6/29/2022,3.1,5.4,7.1,NA
MST,20,6/29/2022,3,5.2,6.8,NA
MST,21,7/2/2022,2.9,6.1,7.2,NA
MST,22,7/2/2022,3,4.9,6.4,NA
MST,23,7/2/2022,3.1,5.8,7.1,NA
MST,24,7/2/2022,3.1,6.3,7.8,NA
MST,25,7/2/2022,2.9,5.3,5.8,NA
MST,26,7/2/2022,3,6,7.2,NA
MST,27,7/2/2022,3.4,6.8,8.1,NA
MST,28,7/4/2022,3,6.3,7.1,NA
MST,29,7/4/2022,2.9,5.8,6.8,NA
MST,30,7/4/2022,3,5.9,7,NA
MST,31,7/4/2022,4.1,6.2,7.3,NA
MST,32,7/4/2022,2.9,5.8,7.1,NA
MST,33,7/4/2022,3,5.7,6.8,NA
MST,34,7/4/2022,3,6,7.7,NA
MST,35,7/4/2022,2.9,5.8,7.3,NA
MST,36,7/4/2022,3.2,5.7,6.9,NA
MST,37,7/4/2022,3,5.2,6.3,NA
MST,38,7/4/2022,2.8,6,6.8,NA
MST,39,7/4/2022,3.1,5.8,6.7,NA
MST,40,7/4/2022,3.3,5.8,7,NA
MST,41,7/4/2022,3.2,6.1,6.9,NA
MST,42,7/4/2022,2.9,5.4,6.1,NA
MST,43,7/6/2022,3,5.8,7.9,NA
MST,44,7/6/2022,3,5.7,7.2,NA
MST,45,7/6/2022,3.2,6,7.7,NA
MST,46,7/6/2022,2.8,5.2,6.3,NA
MST,47,7/6/2022,3,6.2,5.8,NA
MST,48,7/7/2022,3.1,5.5,7.1,NA
MST,49,7/7/2022,2.8,5.2,7.4,NA
MST,50,7/7/2022,2.6,5.4,6.8,NA
MST,51,7/7/2022,3.1,6.2,7.9,NA
MST,52,7/7/2022,2.9,5.3,7.2,NA
MST,53,7/7/2022,2.9,6,7,NA
MST,54,7/7/2022,3.4,5.3,7.4,NA
MST,55,7/7/2022,2.8,5.5,6.7,NA
MST,56,7/7/2022,2.9,5.5,6.8,NA
MST,57,7/7/2022,3.2,5.8,6.8,NA
MST,58,7/11/2022,3.5,5.9,6.9,NA
MST,59,7/11/2022,3.4,5.2,7.1,NA
MST,60,NA,NA,NA,NA,NA
MST,61,7/14/2022,3.1,6.1,7.8,NA
MST,62,7/16/2022,3.2,6.2,7.6,NA
MST,63,7/16/2022,3,5.7,6.6,NA
MST,64,7/16/2022,3.3,5.6,6.5,NA
MST,65,7/16/2022,2.8,5.2,5.9,NA
MST,66,7/16/2022,3.1,6,7.2,NA
MST,67,7/16/2022,3,6,6.6,NA
MST,68,7/16/2022,3,5.9,6.9,NA
MST,69,7/16/2022,2.8,5.8,7,NA
MST,70,7/16/2022,3,6,6.8,NA
MST,71,7/16/2022,2.9,6.1,6.8,NA
MST,72,7/16/2022,3.4,7,7.7,NA
MST,73,7/16/2022,3.2,6.2,7.7,NA
MST,74,7/16/2022,2.9,6.1,6.9,NA
MST,75,7/16/2022,2.9,6.2,6.9,NA
MST,76,7/16/2022,3,6.5,7,NA
MST,77,7/16/2022,2.6,5.5,6.9,NA
MST,78,7/16/2022,3.1,5.9,6.8,NA
MST,79,7/16/2022,3.2,6.4,7.3,NA
MST,80,7/16/2022,3.1,6.2,7.5,NA
MST,81,7/16/2022,3,6.1,7,NA
MST,82,7/16/2022,3,5.4,6.6,NA
MST,83,7/16/2022,2.5,5.3,6.3,NA
MST,84,7/16/2022,3,6.4,6.9,NA
MST,85,7/16/2022,3.2,5.7,6.9,NA
MST,86,7/16/2022,3.1,5.3,6.7,NA
MST,87,7/16/2022,3,5.7,7,NA
MST,88,7/16/2022,3,5.8,6.8,NA
MST,89,7/18/2022,3.5,5.6,6.4,NA
MST,90,7/18/2022,3.2,5.9,7.1,NA
MST,91,7/18/2022,3.4,6,7.7,NA
MST,92,7/18/2022,3.1,5.4,5.4,NA
MST,93,7/18/2022,3.1,5.8,7.1,NA
MST,94,7/18/2022,3.3,5.4,6.7,NA
MST,95,7/18/2022,3.3,6.5,7.8,NA
MST,96,7/18/2022,2.9,5.3,7.3,NA
MST,97,7/18/2022,2.8,5.2,6.9,NA
MST,98,7/18/2022,3.2,6.1,7.7,NA
MST,99,7/18/2022,3.3,5.8,7.4,NA
MST,100,7/18/2022,3.3,5.4,6.9,NA
MST,101,7/18/2022,3.1,5.9,7.3,NA
MST,102,7/23/2022,3,6,7,NA
MST,103,7/23/2022,2.6,5.6,6.8,NA
MST,104,7/23/2022,2.8,5.4,6.2,NA
MST,105,7/23/2022,3.1,6.2,7.6,NA
MST,106,7/23/2022,3,5.6,6.5,NA
MST,107,7/23/2022,3,5.3,6.8,NA
MST,108,7/23/2022,3.5,6,6.9,NA
MST,109,7/23/2022,2.9,5.7,6.3,NA
MST,110,7/23/2022,3.4,6.1,8,NA
MST,111,7/23/2022,3.5,6.6,8.1,NA
MST,112,7/23/2022,3,5.6,6.8,NA
MST,113,7/23/2022,2.8,5.1,6.8,NA
MST,114,7/23/2022,2.9,5.2,5.5,NA
MST,115,7/23/2022,3.1,5.5,6.7,NA
MST,116,7/23/2022,2.7,5.3,6.4,NA
MST,117,7/23/2022,2.7,5.2,6.4,NA
MST,118,7/23/2022,2.9,5.4,6.5,NA
MST,119,7/25/2022,3.3,5.9,6.8,NA
MST,120,7/25/2022,3,5.9,6.7,NA
MST,121,7/25/2022,3,5.7,7.3,NA
MST,122,7/27/2022,3,5.8,6.7,NA
MST,123,NA,NA,NA,NA,NA
MST,124,7/27/2022,3.4,7.1,8.1,NA
MST,125,7/27/2022,2.8,6.1,7,NA
MST,126,7/30/2022,3.1,5.8,6.4,NA
MST,127,7/30/2022,3.2,5.3,6.9,NA
MST,128,7/30/2022,3.4,6.3,7.1,NA
MST,129,8/1/2022,2.7,5.9,7.3,NA
MST,130,8/1/2022,2.7,6.4,7.4,NA
MST,131,8/1/2022,2.7,5.9,7.1,NA
MST,132,8/1/2022,2.8,5.8,7.4,NA
MST,133,8/1/2022,3,6.1,7.5,NA
MST,134,8/2/2022,3.3,5.4,7.1,NA
MST,135,NA,NA,NA,NA,NA
MST,136,NA,NA,NA,NA,NA
MST,137,NA,NA,NA,NA,NA
MST,138,NA,NA,NA,NA,NA
MST,139,8/2/2022,2.8,4.8,6.7,NA
MST,140,8/2/2022,3.3,5.8,7.4,NA
MST,141,8/3/2022,3.2,5.4,7.2,NA
MST,142,8/3/2022,3.2,4.5,6.1,NA
MST,143,NA,NA,NA,NA,NA
MST,144,8/3/2022,3,5.8,7.9,NA
MST,145,8/3/2022,3,5.4,6.8,NA
MST,146,NA,NA,NA,NA,NA
MST,147,NA,NA,NA,NA,NA
MST,148,8/3/2022,2.8,4.9,6.9,NA
MST,149,NA,NA,NA,NA,NA
MST,150,8/6/2022,2.9,5.3,6.3,NA
PTW,1,5/12/2022,3,7.1,9,NA
PTW,2,5/12/2022,3.2,6.6,8.5,NA
PTW,3,5/12/2022,3.2,6.6,8.5,NA
PTW,4,5/12/2022,3,7.3,8.7,NA
PTW,5,5/12/2022,3.2,7.1,9,NA
PTW,6,5/12/2022,3.3,7.3,9.4,NA
PTW,7,5/12/2022,3.5,6.8,8.7,NA
PTW,8,5/12/2022,3.2,6.8,8.5,NA
PTW,9,5/12/2022,3.1,7.6,8.9,NA
PTW,10,5/12/2022,3,7.4,9,NA
PTW,11,5/18/2022,3,7.4,9,NA
PTW,12,5/18/2022,3,7.6,9.1,NA
PTW,13,5/18/2022,3.4,7.2,8.6,NA
PTW,14,5/18/2022,3.4,7.8,9.3,NA
PTW,15,5/18/2022,3.2,6.4,8.6,NA
PTW,16,5/18/2022,3.4,7,8.9,NA
PTW,17,5/18/2022,3.5,7,8.7,NA
PTW,18,5/18/2022,3.2,7.5,8.9,NA
PTW,19,5/18/2022,3.3,7.5,8.8,NA
PTW,20,5/18/2022,3.4,6.8,8.3,NA
PTW,21,5/26/2022,3,6.1,8.3,NA
PTW,22,5/26/2022,3.4,7.1,8.5,NA
PTW,23,5/26/2022,3.8,7.3,9,NA
PTW,24,5/26/2022,3.1,7.5,9,NA
PTW,25,5/26/2022,3.5,7.6,9.3,NA
PTW,26,5/25/2022,3.2,7.3,9.1,NA
PTW,27,5/25/2022,3.7,7.8,9.2,NA
PTW,28,5/25/2022,3.2,7.5,9.3,NA
PTW,29,5/25/2022,3.2,7,8,NA
PTW,30,5/25/2022,3.6,7.6,8.6,NA
PTW,31,6/2/2022,3.5,6.9,8.7,NA
PTW,32,6/2/2022,3.7,7.7,9.2,NA
PTW,33,6/2/2022,3.4,7.3,9,NA
PTW,34,6/2/2022,3.5,6.8,8.5,NA
PTW,35,6/2/2022,3,6.8,8.3,NA
PTW,36,6/2/2022,3.1,6.9,8.3,NA
PTW,37,6/2/2022,3.4,7.7,8.9,NA
PTW,38,6/2/2022,3.4,7,8.6,NA
PTW,39,6/2/2022,3.4,7.7,8.4,NA
PTW,40,6/2/2022,3.5,6.7,8.2,NA
PTW,41,6/6/2022,3.1,7.1,8.8,NA
PTW,42,6/6/2022,2.8,5.7,7.1,NA
PTW,43,6/6/2022,3.1,6.4,8,NA
PTW,44,6/6/2022,3,7,8.1,NA
PTW,45,6/6/2022,3.5,7.2,9.3,NA
PTW,46,6/6/2022,3.4,7.3,8.3,NA
PTW,47,6/6/2022,3.3,6.3,7.6,NA
PTW,48,6/6/2022,3.3,6.4,8,NA
PTW,49,6/6/2022,3.2,6.7,7.5,NA
PTW,50,6/6/2022,3.1,5.4,7.4,NA
PTW,51,6/16/2022,3.2,6.8,8.4,NA
PTW,52,6/16/2022,3,6.8,8.1,NA
PTW,53,6/16/2022,3.3,6.2,8.6,NA
PTW,54,6/16/2022,2.6,5.4,7.1,NA
PTW,55,6/16/2022,3,6.5,8.1,NA
PTW,56,6/16/2022,3.1,6.8,8.5,NA
PTW,57,6/16/2022,2.9,5.9,7.4,NA
PTW,58,6/16/2022,3.2,6.8,7.8,NA
PTW,59,6/16/2022,3,5.7,6.9,NA
PTW,60,6/16/2022,3,7.3,8.1,NA
PTW,61,6/23/2022,3.2,6.1,8.1,NA
PTW,62,6/23/2022,3.2,6,7.9,NA
PTW,63,6/23/2022,3.2,6.7,7.8,NA
PTW,64,6/23/2022,3.3,6.6,7.9,NA
PTW,65,6/23/2022,3.1,6.4,8.1,NA
PTW,66,6/23/2022,3,6.8,7.9,NA
PTW,67,6/23/2022,3.3,6.8,8.4,NA
PTW,68,6/23/2022,3.5,6.7,8.2,NA
PTW,69,6/23/2022,3.4,6.7,8.6,NA
PTW,70,6/23/2022,2.7,5.8,7.5,NA
PTW,71,6/27/2022,2.8,5.8,7,NA
PTW,72,6/27/2022,2.7,5.5,7,NA
PTW,73,6/27/2022,3,5.8,7.1,NA
PTW,74,6/27/2022,2.8,5.7,6.8,NA
PTW,75,6/27/2022,3,6,7.2,NA
PTW,76,6/27/2022,3.5,6.3,7.8,NA
PTW,77,6/27/2022,2.8,5.5,6.6,NA
PTW,78,6/27/2022,2.7,5.4,6.8,NA
PTW,79,6/27/2022,3,5,6.8,NA
PTW,80,6/27/2022,3.2,5.8,6.8,NA
PTW,81,7/7/2022,3,6.5,7.6,NA
PTW,82,7/7/2022,2.9,6.2,7.5,NA
PTW,83,7/7/2022,2.7,5.8,7.1,NA
PTW,84,7/7/2022,2.7,5.4,6.9,NA
PTW,85,7/7/2022,2.7,5.4,7,NA
PTW,86,7/7/2022,3.2,7,8.2,NA
PTW,87,7/7/2022,2.7,5.7,6.9,NA
PTW,88,7/7/2022,2.7,5.7,7,NA
PTW,89,7/7/2022,2.5,5.2,6.8,NA
PTW,90,7/7/2022,2.8,6,7.2,NA
PTW,91,7/11/2022,2.8,5.1,6.7,NA
PTW,92,7/11/2022,2.5,5.2,6.7,NA
PTW,93,7/11/2022,2.9,5.7,6.8,NA
PTW,94,7/11/2022,2.6,5.2,6.5,NA
PTW,95,7/11/2022,3,5.8,7.2,NA
PTW,96,7/11/2022,2.8,5.5,6.8,NA
PTW,97,7/11/2022,2.7,5.7,NA,NA
PTW,98,7/11/2022,2.8,6.1,7,NA
PTW,99,7/11/2022,3,5.1,6.5,NA
PTW,100,7/11/2022,2.6,5.1,6.5,NA
PTW,101,7/18/2022,2.7,4.9,6.7,NA
PTW,102,7/18/2022,2.7,5.1,6.4,NA
PTW,103,7/18/2022,2.8,5.5,7.1,NA
PTW,104,7/18/2022,2.7,5.7,6.7,NA
PTW,105,7/18/2022,2.6,5.5,6.8,NA
PTW,106,7/18/2022,2.6,5.5,6.8,NA
PTW,107,7/18/2022,2.6,5.5,6.8,NA
PTW,108,7/18/2022,2.6,5.2,6.8,NA
PTW,109,7/18/2022,2.9,5.6,6.8,NA
PTW,110,7/18/2022,2.8,5.7,7.6,NA
PTW,111,7/25/2022,2.8,5.5,7,NA
PTW,112,7/25/2022,2.6,5,6.2,NA
PTW,113,7/25/2022,2.5,4.9,6.3,NA
PTW,114,7/27/2022,2.6,5.3,7,NA
PTW,115,7/27/2022,2.7,4.8,6.2,NA
PTW,116,7/27/2022,2.6,5.1,6.8,NA
PTW,117,7/27/2022,2.6,5,6.6,NA
PTW,118,7/27/2022,2.6,5.4,6.2,NA
PTW,119,8/1/2022,2.7,5.4,6.7,NA
PTW,120,8/1/2022,2.5,5.2,6.5,NA
PTW,121,8/1/2022,2.5,4.4,5.2,NA
PTW,122,8/10/2022,2.7,5.5,7.2,NA
MRC,1,6/17/2022,3.8,6,7.1,NA
MRC,2,6/24/2022,4,6.25,7.1,NA
MRC,3,6/24/2022,4.4,6.6,7.6,NA
MRC,4,6/24/2022,5.7,6.3,8.8,NA
MRC,5,6/27/2022,5.6,5.8,7.2,NA
MRC,6,6/27/2022,4.3,5.1,7.1,NA
MRC,7,6/27/2022,4.5,5.8,7.1,NA
MRC,8,6/27/2022,4,4.5,6,NA
MRC,9,6/27/2022,4.4,5.5,7.1,NA
MRC,10,6/27/2022,4.1,6,7,NA
MRC,11,6/27/2022,4.3,5.1,6.2,NA
MRC,12,6/27/2022,3.7,5.25,6.5,NA
MRC,13,6/27/2022,3.9,4.2,5.4,NA
MRC,14,6/27/2022,4.3,5.4,5.9,NA
MRC,15,7/6/2022,4,5.4,6.4,NA
MRC,16,7/8/2022,4.3,4.8,6.6,NA
MRC,17,7/11/2022,4.4,4.7,5.4,NA
MRC,18,7/11/2022,4.2,5.1,5.7,NA
MRC,19,7/11/2022,4.5,5.5,6.1,NA
MRC,20,7/11/2022,3.7,4.5,5.4,NA
MRC,21,7/13/2022,3.2,4.1,5.2,NA
MRC,22,7/13/2022,4,5,5.8,NA
MRC,23,7/13/2022,4.3,3.8,5.2,NA
MRC,24,7/13/2022,4,4.5,5.5,NA
MRC,25,7/13/2022,4.1,4.3,5.5,NA
MRC,26,7/13/2022,4,4.7,5.8,NA
MRC,27,7/13/2022,4.1,3.9,5.6,NA
MRC,28,7/13/2022,3.7,4.5,5.2,NA
MRC,29,7/13/2022,4.2,4.4,5.9,NA
MRC,30,7/13/2022,4.3,4.3,6,NA
MRC,31,7/13/2022,3.2,4,5.4,NA
MRC,32,7/13/2022,3.4,4.3,4.9,NA
MRC,33,7/13/2022,3.6,5.2,5.5,NA
MRC,34,7/13/2022,3.8,4.3,5.3,NA
MRC,35,7/13/2022,3.4,4.3,4.7,NA
MRC,36,7/13/2022,3.6,4.2,4.9,NA
MRC,37,7/13/2022,3.8,4.3,5.4,NA
MRC,38,7/18/2022,3,4,4.5,NA
MRC,39,7/18/2022,3.1,4.2,5.4,NA
MRC,40,7/18/2022,4,4.3,5.5,NA
MRC,41,7/18/2022,4,4.8,5.7,NA
MRC,42,7/18/2022,4.1,4.4,5.1,NA
MRC,43,7/18/2022,3.9,4.2,5.3,NA
MRC,44,7/18/2022,4.2,4.9,5.5,NA
MRC,45,7/18/2022,3,4.4,5.1,NA
MRC,46,7/18/2022,2.8,4.3,5.1,NA
MRC,47,7/18/2022,3.2,4.2,4.8,NA
MRC,48,7/22/2022,3.2,3.6,4.2,NA
MRC,49,7/22/2022,3.1,3.5,4.5,NA
MRC,50,7/22/2022,3.4,4.5,5.2,NA
MRC,51,7/22/2022,3.2,3.9,4.2,NA
MRC,52,7/22/2022,3.6,3.9,4.2,NA
MRC,53,7/22/2022,3.8,4.2,4.9,NA
MRC,54,7/22/2022,3.5,4.3,5,NA
MRC,55,7/22/2022,4.2,4.5,5.1,NA
MRC,56,7/22/2022,3.9,4.2,5.1,NA
MRC,57,7/22/2022,3.3,4.5,5,NA
MRC,58,7/25/2022,3,4.3,4.8,NA
MRC,59,7/25/2022,3.5,4.5,5.9,NA
MRC,60,7/25/2022,3.9,4.8,6,NA
MRC,61,7/25/2022,3.2,4.5,4.8,NA
MRC,62,7/25/2022,3.8,4.6,5.4,NA
MRC,63,7/25/2022,3.4,4.4,4.9,NA
MRC,64,7/25/2022,3.5,4.3,4.9,NA
MRC,65,7/25/2022,3.2,5,5.9,NA
MRC,66,7/25/2022,3.5,4.2,4.9,NA
MRC,67,7/25/2022,3.3,4.8,5.1,NA
COR,1,4/26/2023,3.3,7.2,8.7,NA
COR,2,5/2/2023,3.3,7.2,9.4,NA
COR,3,5/2/2023,3.4,7.6,8.9,NA
COR,4,5/2/2023,3.4,7.2,9.2,NA
COR,5,5/2/2023,3.2,7.4,9.1,NA
COR,6,5/2/2023,3,6.7,9.1,NA
COR,7,5/2/2023,3.4,7.6,9.4,NA
COR,8,5/2/2023,3.5,7.8,9.5,NA
COR,9,5/2/2023,3.5,8.9,9.7,NA
COR,10,5/2/2023,3.2,7.4,8.9,NA
COR,11,5/4/2023,3.2,7.4,9,NA
COR,12,5/8/2023,3.5,7.4,9.3,NA
COR,13,5/8/2023,3.1,7.2,8.8,NA
COR,14,5/8/2023,3.3,7.7,8.9,NA
COR,15,5/8/2023,3.2,7.1,8.5,NA
COR,16,5/8/2023,3.3,7.3,8.9,NA
COR,17,5/8/2023,3.3,7.2,8.8,NA
COR,18,5/8/2023,3.4,7.1,8.9,NA
COR,19,5/8/2023,3.5,7.4,9.1,NA
COR,20,5/8/2023,3.2,6.8,8.4,NA
COR,21,5/15/2023,3.4,7.4,8.7,NA
COR,22,5/15/2023,3.4,7.4,9.4,NA
COR,23,5/15/2023,3.5,7.9,NA,NA
COR,24,5/15/2023,3.5,7.6,9.3,NA
COR,25,5/15/2023,3.2,7.6,9,NA
COR,26,5/15/2023,3,7.2,8.3,NA
COR,27,5/15/2023,3,7,8.5,NA
COR,28,5/15/2023,3.3,7.3,8.9,NA
COR,29,5/15/2023,3,7.2,9,NA
COR,30,5/15/2023,3.1,7.4,8.9,NA
COR,31,5/24/2023,2.7,5.9,7.5,NA
COR,32,5/29/2023,2.7,6.7,8.4,NA
COR,33,5/29/2023,2.8,6.2,7.8,NA
COR,34,5/31/2023,2.7,6,8,NA
COR,35,5/31/2023,3,7,8.1,NA
COR,36,5/31/2023,2.7,6.8,8.4,NA
COR,37,5/31/2023,3.3,6.7,8.3,NA
COR,38,6/5/2023,3.1,6.5,8.1,NA
COR,39,6/5/2023,2.4,5.4,6.8,NA
COR,40,6/5/2023,3,6.8,8.1,NA
COR,41,6/6/2023,3.1,7,8.3,NA
COR,42,6/8/2023,2.3,5.2,6.9,Spines broken...
COR,43,6/8/2023,2.3,5.2,6.7,Spines broken...
COR,44,6/8/2023,2.3,5.3,7,Spines broken...
COR,45,6/8/2023,2.3,NA,NA,Spines broken...
COR,46,6/12/2023,2.6,5.6,6.9,NA
COR,47,6/12/2023,2.6,5.7,7.3,NA
COR,48,6/12/2023,2.5,5.7,6.7,NA
COR,49,6/12/2023,2.7,6,7.4,NA
COR,50,6/12/2023,2.5,5.7,7,NA
COR,51,6/12/2023,3,6.3,7.9,NA
COR,51,6/12/2023,2.6,5.8,7.2,NA
COR,53,6/12/2023,2.3,5.3,6.8,NA
COR,54,6/12/2023,2.3,5.3,6.8,NA
COR,55,6/12/2023,2.7,6,7.4,NA
COR,66,6/26/2023,2.2,5.2,6.5,NA
COR,67,6/26/2023,2.5,5.4,6.8,NA
COR,68,6/26/2023,2.4,5.1,6.7,NA
COR,69,6/26/2023,2.3,5.1,6.4,NA
COR,70,6/26/2023,2.2,4.9,6.4,NA
COR,71,6/26/2023,2.6,5.7,7.2,NA
COR,72,6/26/2023,2.4,5.2,6.7,NA
COR,73,6/26/2023,2.4,5.4,7,NA
COR,74,6/26/2023,2.5,5.4,6.8,NA
COR,75,6/26/2023,2.3,5.3,6.2,NA
COR,76,7/3/2023,2.5,5.7,7.2,NA
COR,77,7/3/2023,2.4,5.3,6.7,NA
COR,78,7/3/2023,2.2,4.8,6.2,NA
COR,79,7/3/2023,2.1,4.8,6.2,NA
COR,80,7/3/2023,2.5,5.8,7.3,NA
COR,80,7/3/2023,2.5,5.8,7.3,NA
COR,81,7/3/2023,2.5,5.8,7.2,NA
COR,82,7/3/2023,2.1,4.9,6.3,NA
COR,84,7/3/2023,2.2,5.1,6.3,NA
COR,85,7/3/2023,2.6,5.7,7.3,NA
COR,86,7/10/2023,2.8,5.9,7.7,NA
COR,87,7/10/2023,1.9,5.1,6.1,NA
COR,88,7/10/2023,2.3,5.2,6.7,NA
COR,89,7/10/2023,2.3,5.2,6.7,NA
COR,90,7/10/2023,2.5,5.9,7.4,NA
COR,91,7/10/2023,2.1,5.1,6.4,NA
COR,92,7/10/2023,2.1,5.1,6.6,NA
COR,93,7/10/2023,2.2,4.9,6.4,NA
COR,94,7/10/2023,2.3,5.3,6.4,NA
COR,95,7/10/2023,2.4,5.4,6.5,NA
COR,96,7/17/2023,2.8,6.1,7.8,NA
COR,97,7/17/2023,2.8,6,7.7,NA
COR,98,7/17/2023,2.4,5.3,6.8,NA
COR,99,7/17/2023,2.1,4.9,5.8,NA
COR,100,7/17/2023,2.7,5.8,7.4,NA
COR,101,7/19/2023,2.1,5.5,6.4,NA
COR,102,7/19/2023,2.1,5.3,6.5,NA
COR,103,7/19/2023,2.8,6.2,8,NA
COR,104,7/19/2023,2.2,5.6,6.5,NA
COR,105,7/19/2023,2.2,5.2,6.6,NA
COR,106,7/24/2023,2.4,5.7,7.1,NA
COR,107,7/24/2023,2.1,5,6.6,NA
COR,108,7/24/2023,2.2,5,6.2,NA
COR,109,7/24/2023,2.4,5.3,6.7,NA
COR,110,7/24/2023,2.4,5.5,7.2,NA
COR,111,7/24/2023,2.3,5.2,6.6,NA
COR,112,7/26/2023,2,4.9,6.5,NA
COR,113,7/26/2023,2.1,5.5,6.7,NA
COR,114,7/31/2023,2.1,5.6,6.7,NA
COR,115,7/31/2023,2.1,5.1,6.4,NA
COR,116,8/2/2023,2.3,5.2,6.4,NA
COR,116,8/2/2023,2.3,5.2,6.4,NA
COR,117,8/2/2023,2.6,5.6,7.1,NA
COR,117,8/2/2023,2.6,5.6,7.1,NA
COR,118,8/2/2023,2.5,5.6,7.4,NA
COR,118,8/2/2023,2.5,5.6,7.4,NA
COR,119,8/2/2023,2.5,5.9,7.5,NA
COR,119,8/2/2023,2.5,5.9,7.5,NA
COR,120,8/7/2023,2.4,4.9,6.6,NA
COR,121,8/7/2023,2.2,5,6.9,NA
COR,122,8/9/2023,2.2,5.3,7.1,NA
COR,123,8/21/2023,2.7,6.2,7.5,NA
COR,124,8/28/2023,2.2,5.1,6.5,NA
COR,125,8/28/2023,2.3,5.1,6.2,NA
COR,130,9/4/2023,2,5,6.8,NA
FHL,1,6/14/2023,2.6,6,7.4,NA
FHL,2,6/14/2023,2.3,5.3,6.7,NA
FHL,3,6/14/2023,2.6,5.9,7.3,NA
FHL,4,6/14/2023,2.3,5.5,7.2,NA
FHL,5,6/14/2023,2.4,5.1,6.6,NA
FHL,6,6/14/2023,2.5,5.2,6.8,NA
FHL,7,6/14/2023,2.7,6,7.4,NA
FHL,8,6/14/2023,2.3,5.4,6.7,NA
FHL,9,6/14/2023,2.3,5.2,6.3,NA
FHL,10,6/14/2023,2.3,5.2,6.6,NA
FHL,11,6/28/2023,2.5,5.2,7.2,NA
FHL,12,6/28/2023,2.3,5.2,6.7,NA
FHL,13,6/28/2023,2.2,4.9,6.5,NA
FHL,14,6/28/2023,2.3,5,6.3,NA
FHL,15,6/28/2023,2.6,5.7,7.5,NA
FHL,16,6/28/2023,2.3,5.1,6.6,NA
FHL,17,6/28/2023,2.5,5.4,7.1,NA
FHL,18,6/28/2023,2.3,5.3,6.8,NA
FHL,19,6/28/2023,2.6,5.3,7,NA
FHL,20,6/28/2023,2.8,6.5,7.8,NA
FHL,21,7/12/2023,2.1,5.7,6.8,NA
FHL,22,7/12/2023,2.3,5.9,7.3,NA
FHL,23,7/12/2023,2.2,5.7,6.7,NA
FHL,24,7/12/2023,2.2,5,6.7,NA
FHL,25,7/12/2023,2.1,5,6.1,NA
FHL,26,7/12/2023,2.3,5.3,6.6,NA
FHL,27,7/12/2023,2.5,5.7,7.2,NA
FHL,28,7/12/2023,2.2,5.1,6.1,NA
FHL,29,7/12/2023,2.3,5.4,6.8,NA
FHL,30,7/12/2023,2.2,5.2,6.8,NA
FHL,31,7/26/2023,2.7,5.7,7.4,NA
FHL,32,7/26/2023,2.6,5.7,7.5,NA
FHL,33,7/26/2023,2.1,5,6.3,NA
FHL,34,7/26/2023,2.3,4.7,6.4,NA
FHL,35,7/26/2023,2.1,5,6.5,NA
FHL,36,7/26/2023,2.4,5.4,7,NA
FHL,37,7/26/2023,2.3,4.6,6,NA
FHL,38,7/26/2023,2.1,4.5,5.8,NA
FHL,39,7/26/2023,2.3,4.8,6.1,NA
FHL,40,7/26/2023,2.4,5.7,6.8,NA
FHL,41,8/9/2023,2.6,6.2,7.7,NA
FHL,42,8/9/2023,2.1,4.8,6.2,NA
FHL,43,8/9/2023,2.4,5.2,6.5,NA
FHL,44,8/9/2023,2.6,5.6,7,NA
FHL,45,8/9/2023,2.4,5.4,6.7,NA
FHL,46,8/9/2023,2.3,5.3,6.4,NA
FHL,47,8/9/2023,2.5,5.5,7,NA
FHL,48,8/9/2023,2.2,5.3,6.6,NA
FHL,49,8/9/2023,2.3,5,6.3,NA
FHL,50,8/9/2023,2.3,5.4,6.8,NA
FHL,51,8/23/2023,2.1,4.8,6.2,NA
FHL,52,8/23/2023,2.4,5.1,6.7,NA
FHL,53,8/23/2023,2,5,6.2,NA
FHL,54,8/23/2023,2.1,5.3,6.2,NA
FHL,55,8/23/2023,2.1,4.8,6.1,NA
FHL,56,8/23/2023,2.1,5.4,6.9,NA
FHL,57,8/23/2023,1.9,4.6,5.9,NA
FHL,58,8/23/2023,2.1,4.9,6.2,NA
MST,1,7/6/2023,3.1,5.3,7,NA
MST,2,7/6/2023,3.2,5.9,6.9,NA
MST,3,7/6/2023,2.7,4.9,6,NA
MST,4,7/6/2023,3.2,6,7.5,NA
MST,5,7/6/2023,3.5,5.3,6.6,NA
MST,6,7/6/2023,3,5.7,7,NA
MST,7,7/8/2023,3.2,5.9,7.7,NA
MST,8,7/8/2023,3.1,5.9,7.2,NA
MST,9,7/8/2023,2.9,5.8,7.1,NA
MST,10,7/8/2023,2.4,5.1,7.1,NA
MST,11,7/8/2023,2.3,5.1,6.8,NA
MST,12,7/8/2023,2.9,5.1,7.2,NA
MST,13,7/8/2023,2.8,5.5,7.2,NA
MST,14,7/8/2023,2.9,5.3,6.7,NA
MST,15,7/8/2023,2.7,5.7,7,NA
MST,16,7/8/2023,2.8,5.9,8.1,NA
MST,17,7/8/2023,1.9,4.8,6.6,NA
MST,18,7/8/2023,2.8,5.3,7.2,NA
MST,19,7/8/2023,2.9,5.8,7.2,NA
MST,20,7/8/2023,2.8,6.1,7.2,NA
MST,21,7/8/2023,2.5,5.8,7.1,NA
MST,22,7/8/2023,2.7,6.1,6.8,NA
MST,23,7/8/2023,2.6,5.7,7.2,NA
MST,24,7/8/2023,2.7,5.4,6.7,NA
MST,25,7/8/2023,2.7,5.5,6.9,NA
MST,26,7/8/2023,2.7,5.5,6.4,NA
MST,27,7/8/2023,2.7,5.9,7.3,NA
MST,28,7/8/2023,2.6,4.8,6.2,NA
MST,29,7/8/2023,2.8,5.8,7.1,NA
MST,30,7/8/2023,2.3,5.2,6.8,NA
MST,31,7/8/2023,2.7,5.5,7.1,NA
MST,32,7/8/2023,2.7,6.8,7.7,NA
MST,33,7/8/2023,2.9,6.2,8,NA
MST,34,7/8/2023,2.5,5.7,7.4,NA
MST,35,7/8/2023,3,6,8.3,NA
MST,36,7/8/2023,3.5,6.2,7.4,NA
MST,39,7/10/2023,2.5,5.5,6.9,AW not CN
MST,40,7/10/2023,2.8,5.7,7.4,AW not CN
MST,41,7/10/2023,2.7,5.9,7.7,AW not CN
MST,42,7/10/2023,2.7,5.9,8.2,AW not CN
MST,43,7/10/2023,2.1,4.8,6.3,AW not CN
MST,44,7/10/2023,2.5,5.1,7.4,AW not CN
MST,45,7/10/2023,2.5,5.2,7,AW not CN
MST,46,7/10/2023,2.7,5.4,6.7,AW not CN
MST,47,7/10/2023,2.8,5.3,6.5,AW not CN
MST,48,7/10/2023,2.8,5.3,6.3,AW not CN
MST,49,7/10/2023,2.3,4.5,6.5,AW not CN
MST,50,7/10/2023,2.8,5.5,6.4,AW not CN
MST,51,7/10/2023,2.3,4.9,5.4,AW not CN
MST,52,7/10/2023,2.6,5.8,6.3,AW not CN
MST,53,7/10/2023,2.4,5.1,5.8,AW not CN
MST,54,7/10/2023,2.3,5,6,AW not CN
MST,55,7/10/2023,2.6,5.2,5.8,AW not CN
MST,56,7/10/2023,2.8,5.5,8.4,AW not CN
MST,57,7/10/2023,3.1,5.6,7,NA
MST,58,7/10/2023,3,6,7.2,NA
MST,59,7/10/2023,3,5.1,7.2,NA
MST,60,7/10/2023,3,5.6,8,NA
MST,61,7/10/2023,2.4,6.1,8.2,NA
MST,62,7/10/2023,3,5.7,8.2,NA
MST,63,7/10/2023,2.8,6,7.4,NA
MST,64,7/10/2023,2.9,6.1,7.1,NA
MST,65,7/10/2023,3.2,5.5,7.4,NA
MST,66,7/10/2023,2.9,6.2,7.8,NA
MST,67,7/17/2023,2.6,5.9,6.2,NA
MST,68,7/17/2023,2.7,5.9,7.2,NA
MST,69,7/17/2023,2.8,5.8,6.7,NA
MST,70,7/17/2023,2.9,5.5,6.5,NA
MST,71,7/17/2023,2.3,5.2,6.1,NA
MST,72,7/17/2023,2.7,5.2,6.3,NA
MST,73,7/17/2023,2.8,5.2,6.4,NA
MST,74,7/17/2023,2.6,5.2,6.1,NA
MST,75,7/17/2023,2.6,5.1,6.5,NA
MST,76,7/17/2023,2.8,4.9,6,NA
MST,77,7/17/2023,2.5,5.1,6.5,NA
MST,78,7/17/2023,2.6,5.6,6.9,NA
MST,79,7/17/2023,2.7,5.3,6.5,NA
MST,80,7/17/2023,2.9,6.1,7.5,NA
MST,81,7/17/2023,2.9,5.4,6.7,NA
MST,82,7/17/2023,2.7,5.4,6.8,NA
MST,83,7/17/2023,2.6,5.4,6.9,NA
MST,84,7/17/2023,2.8,5.8,7.5,NA
MST,85,7/17/2023,2.6,5.4,6.8,NA
MST,86,7/17/2023,2.6,5.3,6.3,NA
MST,87,7/17/2023,2.5,5.2,7.1,NA
MST,88,7/17/2023,2.7,5.8,7.1,NA
MST,89,7/17/2023,2.5,5.8,6.9,NA
MST,90,7/17/2023,2.6,5.7,6.8,NA
MST,91,7/17/2023,2.3,5.2,6.3,NA
MST,92,7/17/2023,2.4,5.3,6.7,NA
MST,93,7/17/2023,3.1,6.4,80,NA
MST,94,7/17/2023,3,60,6.6,NA
MST,95,7/22/2023,2.5,5,6.2,NA
MST,96,7/22/2023,2.6,5.7,6.3,NA
MST,97,7/22/2023,2.7,5.7,6.9,NA
MST,98,7/22/2023,2.7,5.2,6.8,NA
MST,99,7/22/2023,2.5,5.1,6.5,NA
MST,100,7/22/2023,2.4,4.8,6.4,NA
NHB,1,4/26/2023,3.99,7.95,9.78,NA
NHB,2,4/26/2023,3.94,7.86,9.75,NA
NHB,3,4/26/2023,3.85,7.11,9,NA
NHB,4,4/26/2023,3.35,7.5,9.63,NA
NHB,5,4/26/2023,3.23,7.15,9.16,NA
NHB,6,4/26/2023,3.4,6.84,9.24,NA
NHB,7,4/26/2023,3.26,7.09,8.81,NA
NHB,8,4/26/2023,3.62,7.27,8.98,NA
NHB,9,5/3/2023,3.64,7.09,9.37,NA
NHB,10,5/3/2023,3.61,7.56,9.36,NA
NHB,11,5/3/2023,3.38,6.85,8.64,NA
NHB,12,5/3/2023,3.32,7,8.8,NA
NHB,13,5/3/2023,3.27,6.72,8.57,NA
NHB,14,5/3/2023,3.49,6.85,8.32,NA
NHB,15,5/10/2023,3.5,7.59,9.78,"Approximately 100 megalopae in trap. Two vials labeled 23, changed one to 22."
NHB,16,5/10/2023,3.5,6.85,8.43,"Approximately 100 megalopae in trap. Two vials labeled 23, changed one to 22."
NHB,17,5/10/2023,3.25,6.63,8.4,"Approximately 100 megalopae in trap. Two vials labeled 23, changed one to 22."
NHB,18,5/10/2023,3.24,6.52,8.81,"Approximately 100 megalopae in trap. Two vials labeled 23, changed one to 22."
NHB,19,5/10/2023,3.61,7.32,8.97,"Approximately 100 megalopae in trap. Two vials labeled 23, changed one to 22."
NHB,20,5/10/2023,3.54,7.35,9.35,"Approximately 100 megalopae in trap. Two vials labeled 23, changed one to 22."
NHB,21,5/10/2023,3.45,6.45,8.63,"Approximately 100 megalopae in trap. Two vials labeled 23, changed one to 22."
NHB,22,5/10/2023,3.18,6.81,7.99,"Approximately 100 megalopae in trap. Two vials labeled 23, changed one to 22."
NHB,23,5/10/2023,3.54,7.18,8.95,"Approximately 100 megalopae in trap. Two vials labeled 23, changed one to 22."
NHB,24,5/10/2023,3.85,7.85,9.71,"Approximately 100 megalopae in trap. Two vials labeled 23, changed one to 22."
NHB,25,5/17/2023,3.31,6,7.98,NA
NHB,26,5/17/2023,3.25,5.8,7.25,NA
NHB,27,5/17/2023,3.67,6.58,8.32,NA
NHB,28,5/17/2023,3.93,6.15,8.05,NA
NHB,29,5/17/2023,3.84,6.12,8.12,NA
NHB,30,5/17/2023,3.91,6.4,8.3,NA
NHB,31,5/24/2023,4.06,5.52,7.32,"Training LK, AC out next week. Vial 31 actively molting."
NHB,32,5/24/2023,3.08,6.65,8.44,"Training LK, AC out next week. Vial 31 actively molting."
NHB,33,5/24/2023,3.03,6.22,7.49,"Training LK, AC out next week. Vial 31 actively molting."
NHB,34,5/24/2023,3.12,6.45,8.42,"Training LK, AC out next week. Vial 31 actively molting."
NHB,35,5/24/2023,3.14,6.38,8.09,"Training LK, AC out next week. Vial 31 actively molting."
NHB,36,5/24/2023,2.8,6.52,8.06,"Training LK, AC out next week. Vial 31 actively molting."
NHB,37,5/24/2023,3.21,6.63,8.09,"Training LK, AC out next week. Vial 31 actively molting."
NHB,38,5/24/2023,3.03,5.94,6.45,"Training LK, AC out next week. Vial 31 actively molting."
NHB,39,6/14/2023,4.45,8.25,8.65,"AC out, vial 39 and 40 molting"
NHB,40,6/14/2023,4.05,7.26,6.68,"AC out, vial 39 and 40 molting"
NHB,41,6/14/2023,2.9,6.02,7.75,"AC out, vial 39 and 40 molting"
NHB,42,6/21/2023,3.15,6.23,7.95,NA
NHB,43,6/21/2023,3.16,6.11,8.51,NA
NHB,44,6/21/2023,2.98,6.39,7.37,NA
NHB,45,6/21/2023,3.23,6.57,8.3,NA
NHB,46,6/21/2023,3.16,6.43,8.05,NA
NHB,47,6/21/2023,2.93,5.99,8.25,NA
NHB,48,6/21/2023,2.87,5.82,7.64,NA
NHB,49,6/21/2023,2.84,5.94,7.74,NA
NHB,50,6/21/2023,2.84,5.85,7.49,NA
NHB,51,6/21/2023,2.97,5.79,7.73,NA
PTW,1,4/24/2023,3.5,6.8,8.9,NA
PTW,2,4/24/2023,3.6,7,8.9,NA
PTW,3,4/24/2023,3.4,6.9,8.7,NA
PTW,4,4/24/2023,3.7,7.1,8.8,NA
PTW,5,4/24/2023,3.4,7.4,9.5,NA
PTW,6,4/24/2023,3.7,7.5,9,NA
PTW,7,4/24/2023,3.2,7.4,9.1,NA
PTW,8,4/24/2023,3.6,7.1,9.1,NA
PTW,9,4/28/2023,3.7,7.2,9.4,NA
PTW,10,4/28/2023,3.6,7.1,9.1,NA
PTW,11,5/1/2023,3.5,7.7,9.4,NA
PTW,12,5/1/2023,3.6,7.3,9.4,NA
PTW,13,5/1/2023,3.4,7.4,9.3,NA
PTW,14,5/1/2023,3.5,7.1,8.9,NA
PTW,15,5/1/2023,3.6,7,8.8,NA
PTW,16,5/1/2023,3.5,7.1,8.8,NA
PTW,17,5/1/2023,3.4,7,9,NA
PTW,18,5/1/2023,3.7,7.1,9.3,NA
PTW,19,5/1/2023,3.5,7,8.9,NA
PTW,20,5/1/2023,3.3,7.2,8.8,NA
PTW,21,5/8/2023,3.3,7.5,8.6,NA
PTW,23,5/8/2023,3.2,6.5,8.7,NA
PTW,24,5/8/2023,3,6.7,8.3,NA
PTW,25,5/8/2023,3.5,7.6,9.4,NA
PTW,26,5/8/2023,3.2,6.4,8.5,NA
PTW,27,5/8/2023,3.6,6.9,9,NA
PTW,28,5/8/2023,3.5,7.3,9.5,NA
PTW,29,5/8/2023,3.4,7.5,9,NA
PTW,30,5/8/2023,3.4,7.4,9,NA
PTW,31,5/8/2023,3.2,6.7,8.6,NA
PTW,32,5/15/2023,3.3,7.1,9.2,NA
PTW,33,5/19/2023,3.3,6.6,7.9,NA
PTW,34,5/19/2023,3.2,7.1,8.9,NA
PTW,35,5/19/2023,3.5,7.1,8.9,NA
PTW,36,5/19/2023,3.5,7,9.4,NA
PTW,37,5/19/2023,3.3,6.5,8.6,NA
PTW,38,5/19/2023,3.4,6.7,9.7,NA
PTW,39,5/19/2023,3.6,7.6,9,NA
PTW,40,5/19/2023,3.5,7.2,9,NA
PTW,41,5/19/2023,3.5,7.6,9,NA
PTW,42,5/22/2023,3.3,6.7,9,NA
PTW,43,5/22/2023,3.2,6.7,8.9,NA
PTW,44,5/22/2023,3.2,6.8,8.3,NA
PTW,45,5/22/2023,3.2,6.6,8.8,NA
PTW,46,5/22/2023,3.1,7.5,8.6,NA
PTW,47,5/22/2023,3.1,6,7.5,NA
PTW,48,5/22/2023,3,6.5,9,NA
PTW,49,5/23/2023,2.9,5,6,NA
PTW,50,5/23/2023,3.3,6.9,8.3,NA
PTW,51,5/23/2023,3.3,6.8,8.5,NA
PTW,52,5/29/2023,3.2,6.9,8.9,NA
PTW,53,5/29/2023,3.3,6.8,8.4,NA
PTW,54,5/29/2023,2.9,5.9,8,NA
PTW,55,5/29/2023,3.2,6.9,9.2,NA
PTW,56,5/29/2023,3.4,6.9,8.8,NA
PTW,57,5/29/2023,3.3,7.1,8.3,NA
PTW,58,5/29/2023,3,6.1,7.7,NA
PTW,59,5/29/2023,3.3,7,8.5,NA
PTW,60,5/29/2023,3.1,6.6,8.3,NA
PTW,61,5/29/2023,3,6.7,8.6,NA
PTW,62,6/9/2023,3,5.9,8.3,NA
PTW,63,6/9/2023,3.4,7.4,8.5,NA
PTW,64,6/9/2023,3,6.4,8.3,NA
PTW,65,6/9/2023,3,5.9,8,NA
PTW,66,6/9/2023,2.9,5.8,7.3,NA
PTW,67,6/9/2023,2.9,6,6.9,NA
PTW,68,6/9/2023,2.8,5.5,6.9,NA
PTW,69,6/15/2023,2.6,5.5,7.5,NA
PTW,70,6/15/2023,3,6.4,7.6,NA
PTW,71,6/15/2023,3,6.2,7.8,NA
PTW,72,6/15/2023,3.4,7,8.9,NA
PTW,73,6/15/2023,3,6.4,NA,NA
PTW,74,6/15/2023,2.9,6.7,8.6,NA
PTW,75,6/15/2023,3,6.6,7.9,NA
PTW,76,6/15/2023,3,6.6,8.5,NA
PTW,77,6/15/2023,2.6,5.9,7.2,NA
PTW,78,6/15/2023,2.7,5.1,6.8,NA
PTW,79,6/19/2023,2.5,4.8,6.4,NA
PTW,80,6/19/2023,3,6.1,7.7,NA
PTW,81,6/19/2023,2.7,5.3,7.3,NA
PTW,82,6/19/2023,2.7,5.6,6.9,NA
PTW,83,6/19/2023,2.9,5.5,7.6,NA
PTW,84,6/19/2023,2.5,5.4,7,NA
PTW,85,6/19/2023,2.6,5.2,6.7,NA
PTW,86,6/19/2023,2.4,4.9,6.6,NA
PTW,87,6/19/2023,2.5,5.3,7.4,NA
PTW,88,6/19/2023,2.7,5.7,7.1,NA
PTW,89,6/26/2023,3.9,5.6,6.8,NA
PTW,90,6/26/2023,4.1,6.1,7.4,NA
PTW,91,6/26/2023,4.2,5.2,6.8,NA
PTW,92,6/26/2023,3.9,7.1,8.5,NA
PTW,93,6/26/2023,3.5,6.2,7.3,NA
PTW,94,6/26/2023,3.9,6.1,7.3,NA
PTW,95,6/26/2023,3.5,6.4,7.7,NA
PTW,96,6/26/2023,3.4,5.7,6.8,NA
PTW,97,6/26/2023,3.6,6.8,7.6,NA
PTW,98,6/26/2023,3.2,5.7,7,NA
PTW,99,7/5/2023,3,6,7.9,NA
PTW,100,7/5/2023,2.7,6.7,7.5,NA
PTW,101,7/5/2023,2.3,5.8,7,NA
PTW,102,7/5/2023,2.6,5.4,7.1,NA
PTW,103,7/5/2023,2.5,5.4,6.6,NA
PTW,104,7/5/2023,2.4,5.3,6.7,NA
PTW,105,7/5/2023,2.5,5.5,6.8,NA
PTW,106,7/5/2023,2.5,5.4,7,NA
PTW,107,7/5/2023,2.4,5.5,6.7,NA
PTW,108,7/5/2023,2.3,5.7,6.6,NA
PTW,109,7/11/2023,2.9,6.2,8.1,NA
PTW,110,7/11/2023,2.7,6.3,8.1,NA
PTW,111,7/11/2023,2.7,5.4,6.9,NA
PTW,112,7/11/2023,2.3,4.7,6.3,NA
PTW,113,7/11/2023,2.5,5.2,6.6,NA
PTW,114,7/11/2023,2.6,5.9,7,NA
PTW,115,7/11/2023,2.3,5,6.5,NA
PTW,116,7/11/2023,2.8,6.9,8,NA
PTW,117,7/11/2023,2.6,5.8,6.9,NA
PTW,118,7/11/2023,2.7,5.8,7.7,NA
PTW,119,8/1/2023,2.7,5.9,7.1,NA
PTW,120,8/1/2023,2.2,5,6.5,NA
PTW,121,8/2/2023,2.6,5.5,6.5,NA
PTW,123,8/2/2023,2.3,5.4,6.5,NA
PTW,123,8/11/2023,2.5,5.9,7,NA
PTW,140,7/27/2023,2.4,5,6.5,NA
PTW,141,7/21/2023,2.9,5.7,7.6,NA
PTW,142,7/21/2023,2.5,5.4,6.8,NA
PTW,143,7/21/2023,2.6,5.2,7.1,NA
PTW,144,7/21/2023,3.1,6.4,8.5,NA
PTW,145,7/20/2023,2.6,5.5,7.1,NA
PTW,146,7/20/2023,2.7,5.2,7.1,NA
PTW,147,7/20/2023,2.5,5.4,7,NA
PTW,148,7/20/2023,2.8,5.7,7.7,NA
PTW,149,7/20/2023,2.8,5.8,7.7,NA
PTW,150,7/20/2023,3,6,7.6,NA
SMS,1,6/5/2023,2.5,5.4,6.9,NA
SMS,2,6/5/2023,2.4,5.2,6.6,NA
SMS,3,6/12/2023,2.4,5.4,6.2,NA
SMS,4,6/12/2023,2.7,5.5,7.1,NA
SMS,5,6/12/2023,2.6,6.1,7.4,NA
SMS,6,6/12/2023,2.3,5.8,7.2,NA
SMS,7,6/12/2023,2.5,5.5,7.2,NA
SMS,8,6/12/2023,2.2,5.3,6.2,NA
SMS,19,6/26/2023,2.6,5.8,7.4,NA
SMS,20,6/26/2023,2.4,5.7,7,NA
SMS,21,6/26/2023,2.5,5.3,6.8,NA
SMS,22,6/26/2023,2.7,5.8,7.2,NA
SMS,23,6/26/2023,2.5,5.3,6.7,NA
SMS,24,6/26/2023,2.3,5.5,7,NA
SMS,25,6/26/2023,2.3,5.2,6.7,NA
SMS,26,6/26/2023,2.7,5.5,7,NA
SMS,27,6/26/2023,2.5,6,7.2,NA
SMS,28,6/26/2023,2.8,5.7,7.1,NA
SMS,29,7/3/2023,2.2,5.3,7.1,NA
SMS,30,7/3/2023,2.4,5.4,7,NA
SMS,31,7/3/2023,2.3,5.3,6.8,NA
SMS,32,7/3/2023,2.4,5.3,6.5,NA
SMS,33,7/3/2023,2.5,5.6,7,NA
SMS,34,7/3/2023,2.3,5,6.5,NA
SMS,35,7/3/2023,2,4.8,6.2,NA
SMS,36,7/3/2023,2.3,5.3,6.7,NA
SMS,37,7/3/2023,2.4,5.5,6.9,NA
SMS,38,7/3/2023,2.3,5.4,6.2,NA
SMS,39,7/10/2023,2.3,5.3,7,NA
SMS,40,7/10/2023,2.2,4.8,6.2,NA
SMS,41,7/10/2023,2.1,5.3,6.7,NA
SMS,42,7/10/2023,2.2,5.6,6.7,NA
SMS,43,7/10/2023,2.3,5.7,7.1,NA
SMS,44,7/10/2023,2.5,5.8,7.3,NA
SMS,45,7/10/2023,2.1,5,6.8,NA
SMS,46,7/10/2023,2.4,5.2,6.7,NA
SMS,47,7/10/2023,2.2,5.1,6.7,NA
SMS,48,7/10/2023,2.3,5.8,7,NA
SMS,49,7/17/2023,2.1,5.2,6.7,NA
SMS,50,7/17/2023,1.9,5,6.2,NA
SMS,51,7/17/2023,2.1,5.1,6.4,NA
SMS,52,7/17/2023,2.6,5.7,6.9,NA
SMS,53,7/17/2023,2.4,5.4,6.7,NA
SMS,54,7/17/2023,2.3,5.4,7,NA
SMS,55,7/17/2023,2.1,4.8,6.2,NA
SMS,56,7/17/2023,2.4,5.2,6.5,NA
SMS,57,7/17/2023,2.3,5.4,6.7,NA
SMS,58,7/17/2023,2.2,5.3,7,NA
SMS,59,7/24/2023,2.5,5.1,7.1,NA
SMS,60,7/24/2023,2.4,5.1,6.6,NA
SMS,61,7/24/2023,2.5,5.6,6.9,NA
SMS,62,7/24/2023,2.1,4.9,6.1,NA
SMS,63,7/24/2023,2.3,4.9,6.6,NA
SMS,64,7/24/2023,2.4,5.5,6.8,NA
SMS,65,7/24/2023,2.3,5.5,7.2,NA
SMS,66,7/24/2023,2.3,5.3,6.5,NA
SMS,67,7/24/2023,2.3,5.1,6.3,NA
SMS,68,7/24/2023,2.4,5.5,6.9,NA
SMS,69,7/31/2023,2.5,5.7,7,NA
SMS,70,7/31/2023,1.9,5.1,6,NA
SMS,71,7/31/2023,2.1,4.9,6,NA
SMS,72,7/31/2023,2.3,5,6.4,NA
SMS,73,7/31/2023,2.2,5,6.1,NA
SMS,74,7/31/2023,2.5,5.7,7,NA
SMS,75,7/31/2023,2,4.5,5.9,NA
SMS,76,7/31/2023,2.2,5.2,6.4,NA
SMS,77,7/31/2023,2.4,5.3,7,NA
SMS,78,7/31/2023,2.1,4.9,6.3,NA
SMS,79,8/7/2023,2.6,5.4,7,NA
SMS,80,8/7/2023,2.5,5.5,7,NA
SMS,81,8/7/2023,2.3,4.8,6.2,NA
SMS,82,8/7/2023,2.2,4.8,6,NA
SMS,83,8/7/2023,2.5,5.6,6.9,NA
SMS,84,8/7/2023,2.6,5.4,6.9,NA
SMS,85,8/7/2023,2.2,5.2,6.8,NA
SMS,86,8/7/2023,2.5,5.2,6.7,NA
SMS,87,8/7/2023,2.1,4.7,6,NA
SMS,88,8/7/2023,2.4,5.2,6.3,NA
SMS,89,8/7/2023,3,5.9,7.9,NA
SMS,90,8/14/2023,2.3,5.1,6.9,NA
SMS,91,8/14/2023,2.1,4.8,5.9,NA
SMS,92,8/14/2023,2.2,4.8,6,NA
SMS,93,8/14/2023,2.3,4.7,6.1,NA
SMS,94,8/14/2023,2.1,4.3,5.4,NA
SMS,95,8/14/2023,2.2,4.5,5.9,NA
SMS,96,8/14/2023,2.2,5.1,6.6,NA
SMS,97,8/14/2023,2.3,5.1,6.6,NA
SMS,98,8/14/2023,2.4,5.2,6.4,NA
SMS,99,8/14/2023,2.5,5.7,7.2,NA
SMS,101,8/21/2023,2.3,NA,NA,NA
SMS,102,8/21/2023,2.1,4.7,6.1,NA
SMS,103,8/21/2023,2.2,5,6.7,NA
SMS,104,8/21/2023,2.1,5.3,6.6,NA
SMS,105,8/21/2023,2.1,5,6.6,NA
SMS,106,8/21/2023,2.1,5.1,6.5,NA
SMS,107,8/21/2023,2.5,5.5,7.2,NA
SMS,108,8/21/2023,2.2,4.9,6.3,NA
SMS,111,8/28/2023,2.5,5.2,7.3,NA
SMS,112,8/28/2023,2.4,5.1,6.8,NA
SMS,113,8/28/2023,2.4,5.1,6.8,NA
SMS,114,8/28/2023,2,4.7,6.5,NA
SMS,115,8/28/2023,2,5.1,6.4,NA
SMS,116,8/28/2023,2.5,5.6,6.9,NA
SMS,117,8/28/2023,2.3,5.5,7.1,NA
SMS,118,8/28/2023,2,4.8,6.3,NA
SMS,119,8/28/2023,2.1,5,6.5,NA
SMS,120,8/28/2023,2.4,5.8,7,NA
SMS,121,9/4/2023,2.4,5.5,7.1,NA
SMS,122,9/4/2023,2.2,5,6.5,NA
SMS,123,9/4/2023,2.2,5,6.2,NA
SMS,124,9/4/2023,2.1,5.1,6.2,NA
SMS,125,9/4/2023,2.4,5.3,6.5,NA
SMS,126,9/4/2023,2.3,5,6.3,NA
SMS,127,9/4/2023,2.3,5.2,6.3,NA
SMS,128,9/4/2023,2.4,5.1,6.2,NA
SMS,129,9/4/2023,2.3,5.7,7,NA
SMS,130,9/4/2023,2.3,5,6.2,NA
SMS,131,9/11/2023,2,5.1,6.4,NA
SMS,132,9/11/2023,2.3,5.3,6.5,NA
SMS,133,9/11/2023,2.2,4.8,6.3,NA
SMS,134,9/11/2023,2.2,5.4,6.1,NA
SMS,135,9/11/2023,1.9,4.9,6.3,NA
SMS,136,9/11/2023,2.4,5,6.6,NA
SMS,137,9/11/2023,2,5.2,6.5,NA
SMS,138,9/11/2023,2.1,5,5.9,NA
SMS,139,9/11/2023,2.3,5.3,6.6,NA
SMS,140,9/11/2023,2.3,5.3,6.4,NA
SQR,1,4/28/2023,2.8,7.3,9.3,NA
SQR,2,4/29/2023,3,6.6,8.7,NA
SQR,3,4/29/2023,3.4,6.8,8.9,NA
SQR,4,4/29/2023,3,6.5,8.5,NA
SQR,5,5/1/2023,3.1,7,8.7,NA
SQR,6,5/1/2023,3.1,6.3,8,NA
SQR,7,5/1/2023,3.1,6.7,9,NA
SQR,8,5/1/2023,3.5,7,8.9,NA
SQR,9,5/5/2023,3.1,6.3,7.9,Measure & preserved on 5/7/23
SQR,10,5/6/2023,3,7.1,9,Measure & preserved on 5/7/23
SQR,11,5/6/2023,3.3,6.9,8.4,Measure & preserved on 5/7/23
SQR,12,5/6/2023,3.2,6.9,8.8,Measure & preserved on 5/7/23
SQR,13,5/8/2023,3.1,7.1,8.8,NA
SQR,14,5/8/2023,3.2,6.7,8.4,NA
SQR,15,5/8/2023,3.1,6.3,8.5,NA
SQR,16,5/8/2023,3.3,7.3,9.1,NA
SQR,17,5/8/2023,3.3,7.1,8.8,NA
SQR,18,5/8/2023,3.2,6.8,8.7,NA
SQR,19,5/8/2023,3.2,6.5,8.1,NA
SQR,20,5/8/2023,3.4,7.3,9,NA
SQR,21,5/8/2023,3.1,7.1,8.7,NA
SQR,22,5/8/2023,3.2,7.1,8.7,NA
SQR,23,5/15/2023,3.3,7,8.7,NA
SQR,24,6/9/2023,3,5.9,7.5,NA
SQR,25,6/9/2023,2.5,4.6,6,"Very hard to measure, just molted."
SQR,26,6/9/2023,2.8,4.6,6.5,"Very hard to measure, just molted."
SQR,27,6/16/2023,2.5,5.6,7.1,NA
SQR,28,6/16/2023,3.1,6,7.8,NA
SQR,29,6/21/2023,2.6,4.7,5.7,Measure & preserved on 6/23
SQR,30,6/23/2023,2.8,5.5,6.6,Measure & preserved on 6/26
SQR,31,6/30/2023,2.8,5.6,7.5,NA
SQR,32,7/6/2023,2.6,5.1,6.6,NA
SQR,33,7/6/2023,2.9,5.7,7.7,NA
SQR,34,7/6/2023,2.9,5.6,7.2,NA
SQR,35,7/6/2023,2.5,4.7,6.2,NA
SQR,36,7/6/2023,2.8,5.3,6.5,NA
SQR,37,7/6/2023,2.9,5.2,6.5,NA
SQR,38,7/6/2023,2.8,5.6,7,NA
SQR,39,7/6/2023,NA,5.9,7.3,"*forgot CW, added an extra sample for this week."
SQR,40,7/6/2023,2.7,6,7.5,NA
SQR,41,7/6/2023,2.8,5.5,7.1,NA
SQR,42,7/6/2023,3,6.2,7.2,NA
SQR,43,7/12/2023,2.9,6,7.4,NA
SQR,44,7/12/2023,3.1,6.3,8.2,NA
SQR,45,7/13/2023,2.9,5.6,7.2,NA
SQR,46,7/13/2023,3,6.4,7.6,NA
SQR,47,7/13/2023,2.9,6,7.1,NA
SQR,48,7/13/2023,2.9,6,7.4,NA
SQR,49,7/13/2023,3,6.3,7.9,NA
SQR,50,7/13/2023,3,6.2,7.4,NA
SQR,51,7/13/2023,3,6.2,7.8,NA
SQR,52,7/13/2023,2.9,6.2,7.5,NA
SQR,53,7/19/2023,2.5,5.4,6.9,NA
SQR,54,7/19/2023,2.8,5.6,6.7,NA
SQR,55,7/19/2023,2.8,5.3,6.7,NA
SQR,56,7/19/2023,3,6.3,7.8,NA
SQR,57,7/19/2023,2.8,5.8,7.2,NA
SQR,58,7/19/2023,2.8,5.3,6.6,NA
SQR,59,7/19/2023,3.1,6.5,8.1,NA
SQR,60,7/19/2023,2.8,6.2,7.9,NA
SQR,61,7/19/2023,3,5.6,7.2,NA
SQR,62,7/19/2023,2.9,5.9,7.3,NA
SQR,64,7/26/2023,2.6,5.4,6.7,Skipped vial 63 because it spilled.
SQR,65,7/29/2023,2.8,5.7,7.3,Measure & preserved on 7/31/23
SQR,66,7/31/2023,2.6,5.1,6.1,NA
SQR,67,7/31/2023,NA,NA,NA,"Mid molt to instart when I started measuring, by the time I finished measuring it molted!"
SQR,68,8/2/2023,2.5,5.3,7.1,NA
SQR,69,8/2/2023,2.3,4.8,6,NA
SQR,70,8/2/2023,2.6,5.1,6.5,NA
SQR,71,8/4/2023,2.7,5.5,7,NA
SQR,72,8/4/2023,2.8,5.4,6.8,NA
SQR,73,8/14/2023,2.5,4.8,6.5,NA
WTP,1,4/17/2023,4.3,5.4,8.3,NA
WTP,2,4/17/2023,4.1,5.6,8.3,NA
WTP,3,4/17/2023,3.8,5.5,9.1,NA
WTP,4,4/19/2023,4.8,8.5,9.8,NA
WTP,5,4/19/2023,4.5,7.9,9.1,NA
WTP,6,4/19/2023,5.2,7.8,9.8,NA
WTP,7,4/19/2023,4.9,7.7,9.2,NA
WTP,8,4/19/2023,3.5,6.8,7.9,NA
WTP,9,4/19/2023,4.1,7,9.4,NA
WTP,10,4/19/2023,4.1,7.5,9.2,NA
WTP,11,4/25/2023,2.3,5,7.2,NA
WTP,12,4/25/2023,3.5,5.6,8.6,NA
WTP,13,4/25/2023,3.6,5,7.7,NA
WTP,14,4/25/2023,4.2,6.3,6.7,NA
WTP,15,4/25/2023,4.5,7,9.1,NA
WTP,16,4/25/2023,3.5,7,8.8,NA
WTP,17,4/25/2023,3.6,6,8.2,NA
WTP,18,4/25/2023,3.2,7.2,8.8,NA
WTP,19,4/25/2023,4.2,6.9,9.2,NA
WTP,20,4/25/2023,3.9,6.9,9.5,NA
WTP,21,5/1/2023,3.2,7.2,9.2,NA
WTP,22,5/1/2023,3.4,6.5,9,NA
WTP,23,5/1/2023,3.5,7,9.6,NA
WTP,24,5/1/2023,4,7.6,9,NA
WTP,25,5/1/2023,3.4,7.1,8.9,NA
WTP,26,5/1/2023,3.5,7.3,8.8,NA
WTP,27,5/1/2023,3,7.4,8.6,NA
WTP,28,5/1/2023,3.6,7.1,9.4,NA
WTP,29,5/1/2023,3.8,8,9.5,NA
WTP,30,5/1/2023,3.5,7.5,8.6,NA
WTP,31,5/7/2023,4.4,7.6,9.5,NA
WTP,32,5/7/2023,3.8,7.4,9.1,NA
WTP,33,5/7/2023,3.5,7.3,9.9,NA
WTP,34,5/7/2023,3.5,6.9,9.9,NA
WTP,35,5/7/2023,3.4,7.5,9.5,NA
WTP,36,5/7/2023,3.6,6.6,8.8,NA
WTP,37,5/7/2023,3.3,7.2,8.9,NA
WTP,38,5/7/2023,3.4,7.2,8.9,NA
WTP,39,5/7/2023,3.6,7.1,9.1,NA
WTP,40,5/7/2023,4.1,6.6,7.5,NA
WTP,153,5/15/2023,4.88,6.26,9.06,NA
WTP,154,5/15/2023,2.66,5.4,7.69,NA
WTP,155,5/15/2023,3.12,6.54,8.74,NA
WTP,156,5/15/2023,2.5,6.45,9.03,NA
WTP,157,5/15/2023,3.27,6.8,8.24,NA
WTP,148,5/15/2023,3.06,6.42,8.1,NA
WTP,149,5/15/2023,3.34,6.02,8.24,NA
WTP,150,5/15/2023,4.47,7.03,9.16,NA
WTP,151,5/15/2023,3.51,7.12,8.87,NA
WTP,152,5/15/2023,3.59,7.14,8.33,NA
WTP,41,5/21/2023,3.95,6.55,9.44,NA
WTP,42,5/21/2023,2.88,6.07,8.21,NA
WTP,43,5/21/2023,3.14,6.42,8.96,NA
WTP,44,5/21/2023,2.54,6.25,7.73,NA
WTP,45,5/21/2023,2.96,6.94,8.34,NA
WTP,46,5/21/2023,3.09,6.22,8.56,NA
WTP,47,5/21/2023,3.55,6.36,8.07,NA
WTP,48,5/21/2023,2.98,6.61,8.31,NA
WTP,49,5/21/2023,3.21,7,8.45,NA
WTP,50,5/21/2023,2.95,6.27,7.43,NA
WTP,51,6/2/2023,4.57,6.92,8.46,NA
WTP,52,6/2/2023,3.2,6.54,7.98,NA
WTP,53,6/2/2023,3.09,6.08,7.31,NA
WTP,54,6/2/2023,3.13,6.69,8.55,NA
WTP,55,6/2/2023,3.17,6.36,8.07,NA
WTP,56,6/2/2023,3.44,5.37,7.67,NA
WTP,57,6/2/2023,3.33,5.85,7.21,NA
WTP,58,6/2/2023,3.13,6.03,8.33,NA
WTP,59,6/2/2023,3.09,6.05,8.65,NA
WTP,60,6/2/2023,3.49,6.37,8.79,NA
WTP,61,6/6/2023,3.29,4.61,6.67,NA
WTP,62,6/6/2023,3.53,5.09,8.69,NA
WTP,63,6/6/2023,3.15,4.24,7.7,NA
WTP,64,6/6/2023,3.27,3.63,6.83,NA
WTP,65,6/6/2023,2.84,4.07,7.19,NA
WTP,66,6/6/2023,3.28,5.32,8.36,NA
WTP,67,6/6/2023,3.69,5.54,8.72,NA
WTP,68,6/6/2023,3.57,5.12,7.47,NA
WTP,69,6/6/2023,3.07,4.98,7.14,NA
WTP,70,6/6/2023,3.13,4.29,7.04,NA
WTP,71,7/2/2023,3.78,6.73,7.99,NA
WTP,72,7/2/2023,3.6,6.33,8.15,NA
WTP,73,7/2/2023,2.68,5.78,7.55,NA
WTP,74,7/2/2023,2.67,5.47,7.33,NA
WTP,75,7/2/2023,3.28,6.05,8.06,NA
GAR,1,5/23/2023,4,3.5,5.5,NA
GAR,2,6/13/2023,5,3.5,6.3,NA
GAR,3,6/13/2023,4.2,3.2,NA,NA
GAR,4,6/15/2023,3.3,4.6,6.5,NA
GAR,6,6/15/2023,3.2,4.9,5.6,NA
GAR,7,6/15/2023,3.8,4.8,6.1,NA
GAR,8,6/15/2023,3.7,4.8,6,NA
GAR,9,6/23/2023,3,4.7,7,NA
GAR,10,6/26/2023,3.5,5.3,6.2,NA
GAR,5,7/8/2023,3.5,5,5.7,NA
GAR,11,7/11/2023,4.5,6.4,7.5,NA
GAR,12,8/21/2023,3.3,4.3,6,NA
